id,frag1,frag2,new_smiles
1,*CCOCCOCCOCCOCC,*c1ccc(N(C)C)cc1,CCOCCOCCOCCOCCc1ccc(N(C)C)cc1
2,*N1CCO[C@H](C)C1,*N[C@H]1CO[C@H](CO)[C@@H](O)[C@@H]1O,C[C@@H]1CN(N[C@H]2CO[C@H](CO)[C@@H](O)[C@@H]2O)CCO1
3,*c1nnn[nH]1,*CCOCCOCCO,OCCOCCOCCc1nnn[nH]1
4,*CCOCCOCCOCCOC,*c1c(NCCCCCCO)c(=O)c1=O,COCCOCCOCCOCCc1c(NCCCCCCO)c(=O)c1=O
5,*C(=O)c1cc(-n2cccn2)cc(C(F)(F)F)c1,*c1c(NCCCCCCO)c(=O)c1=O,O=C(c1cc(-n2cccn2)cc(C(F)(F)F)c1)c1c(NCCCCCCO)c(=O)c1=O
6,*c1ccccn1,*[C@H]1C[C@H](O)[C@@H](CO[P@H](=O)[O-])O1,O=[P@H]([O-])OC[C@H]1O[C@@H](c2ccccn2)C[C@@H]1O
7,*[C@@H]1O[C@H](CO[P@H](=O)[O-])[C@@H](O)[C@@H]1F,*CCO,O=[P@H]([O-])OC[C@H]1O[C@@H](CCO)[C@@H](F)[C@@H]1O
8,*CCOCCOCCOC,*c1cccc(NC(=O)c2cc(-c3nnn[nH]3)cc(C(F)(F)F)c2)c1,COCCOCCOCCc1cccc(NC(=O)c2cc(-c3nnn[nH]3)cc(C(F)(F)F)c2)c1
9,*C(=O)[C@@H](N)C[C@@H](N)Cc1ccccc1,*CCCCCCO,N[C@@H](Cc1ccccc1)C[C@H](N)C(=O)CCCCCCO
10,*N1CCO[C@H](C)C1,*c1c(NCCOCCO)c(=O)c1=O,C[C@@H]1CN(c2c(NCCOCCO)c(=O)c2=O)CCO1
11,*N(C)C,*[C@H]1C[C@H](O)[C@@H](CO[P@@H](=O)[O-])O1,CN(C)[C@H]1C[C@H](O)[C@@H](CO[P@@H](=O)[O-])O1
12,*c1cccc(NC(=O)c2cc(-n3cccn3)cc(C(F)(F)F)c2)c1,*N1CCO[C@H](C)C1,C[C@@H]1CN(c2cccc(NC(=O)c3cc(-n4cccn4)cc(C(F)(F)F)c3)c2)CCO1
13,*CCOCCOCCOC,*c1ccccn1,COCCOCCOCCc1ccccn1
14,*C(=O)c1ccccc1[SeH],*C(=O)c1cc(-n2cccn2)cc(C(F)(F)F)c1,O=C(C(=O)c1ccccc1[SeH])c1cc(-n2cccn2)cc(C(F)(F)F)c1
15,*CCOCCOCCOCCOC,*CCOCCOCCOCCOCCOCCO,COCCOCCOCCOCCCCOCCOCCOCCOCCOCCO
16,*n1c(Cl)nc2c(=O)[nH]c(N)nc21,*c1ccccn1,Nc1nc2c(nc(Cl)n2-c2ccccn2)c(=O)[nH]1
17,*n1c2c([n+](CCOC)c1C)C(=O)c1ccccc1C2=O,*Cc1cnccn1,COCC[n+]1c2c(n(Cc3cnccn3)c1C)C(=O)c1ccccc1C2=O
18,*c1cc2ccccc2c(N=C(N)c2nc(C)cc(C)n2)n1,*Nc1ccccc1,Cc1cc(C)nc(C(N)=Nc2nc(Nc3ccccc3)cc3ccccc23)n1
19,*CCNCCO,*N(C)C,CN(C)CCNCCO
20,*CCCCCCO,*n1cccn1,OCCCCCCn1cccn1
21,*C(=O)c1ccccc1[SeH],*CCOCCOCCOCCOCCOCCOCC,CCOCCOCCOCCOCCOCCOCCC(=O)c1ccccc1[SeH]
22,*CCO,*CCOCCOCCOCCOCCOCCOCCO,OCCCCOCCOCCOCCOCCOCCOCCO
23,*Cc1cnccn1,*N1C=CCC(C(N)=O)=C1,NC(=O)C1=CN(Cc2cnccn2)C=CC1
24,*c1nnn[nH]1,*O,Oc1nnn[nH]1
25,*CCOCCOCCOCCOCC,*n1cc(C(=O)[O-])c(N)nc1=O,CCOCCOCCOCCOCCn1cc(C(=O)[O-])c(N)nc1=O
26,*n1c[n+](Cc2ccccc2)c2c(=O)[nH]c(N)nc21,*CCOCCO,Nc1nc2c(c(=O)[nH]1)[n+](Cc1ccccc1)cn2CCOCCO
27,*Nc1ccccc1,*N[C@H]1CO[C@H](CO)[C@@H](O)[C@@H]1O,OC[C@H]1OC[C@H](NNc2ccccc2)[C@@H](O)[C@@H]1O
28,*c1ccccn1,*[C@@H]1CC(O)=C(CO[P@@H](=O)[O-])O1,O=[P@@H]([O-])OCC1=C(O)C[C@@H](c2ccccn2)O1
29,*c1cccc(NC(=O)c2cc(-c3nnn[nH]3)cc(C(F)(F)F)c2)c1,*CCOCCOCC,CCOCCOCCc1cccc(NC(=O)c2cc(-c3nnn[nH]3)cc(C(F)(F)F)c2)c1
30,*[C@H]1C[C@H](O)[C@@H](CO[P@H](=O)[O-])O1,*CCOCCOC,COCCOCC[C@H]1C[C@H](O)[C@@H](CO[P@H](=O)[O-])O1
31,*c1cccc(C)c1C,*CCOCCOCCOCCOCCOCCOCC,CCOCCOCCOCCOCCOCCOCCc1cccc(C)c1C
32,*Cc1cnccn1,*N(C)C,CN(C)Cc1cnccn1
33,*CCOCCOCCOCCOC,*C(=O)COC,COCCOCCOCCOCCC(=O)COC
34,*CCOCCOCC,*CCOC,CCOCCOCCCCOC
35,*CCOCCOCCOCCOCCOCCO,*N1C=CCC(C(N)=O)=C1,NC(=O)C1=CN(CCOCCOCCOCCOCCOCCO)C=CC1
36,*C(=O)COC,*C(=O)c1cc(-n2cccn2)cc(C(F)(F)F)c1,COCC(=O)C(=O)c1cc(-n2cccn2)cc(C(F)(F)F)c1
37,*Cc1cnccn1,*C(=O)[C@@H](N)Cc1ccccc1,N[C@@H](Cc1ccccc1)C(=O)Cc1cnccn1
38,*c1nnn[nH]1,*c1ccccn1,c1ccc(-c2nnn[nH]2)nc1
39,*n1cccn1,*OC,COn1cccn1
40,*C(=O)c1ccc(S)cc1,*c1nnn[nH]1,O=C(c1ccc(S)cc1)c1nnn[nH]1
41,*Cc1cnccn1,*c1c(NCCCCCCO)c(=O)c1=O,O=c1c(Cc2cnccn2)c(NCCCCCCO)c1=O
42,*OC,*c1cccc(NC(=O)c2cc(-n3cccn3)cc(C(F)(F)F)c2)c1,COc1cccc(NC(=O)c2cc(-n3cccn3)cc(C(F)(F)F)c2)c1
43,*n1cccn1,*NCc1nc2ccccc2[nH]1,c1ccc2[nH]c(CNn3cccn3)nc2c1
44,*CCOCCOC,*c1nc(N)[nH]c(=O)c1NC=O,COCCOCCc1nc(N)[nH]c(=O)c1NC=O
45,*N1CCO[C@H](C)C1,*Cc1cnccn1,C[C@@H]1CN(Cc2cnccn2)CCO1
46,*N1C=CCC(C(N)=O)=C1,*c1c(NCCCCCCO)c(=O)c1=O,NC(=O)C1=CN(c2c(NCCCCCCO)c(=O)c2=O)C=CC1
47,*CCOCCOCCOCCOCCOCCOCCOCC,*c1ccccc1C(=O)O,CCOCCOCCOCCOCCOCCOCCOCCc1ccccc1C(=O)O
48,*n1cc(C(=O)[O-])c(N)nc1=O,*c1ccccn1,Nc1nc(=O)n(-c2ccccn2)cc1C(=O)[O-]
49,*N1CCCCCC1,*CCOCCO,OCCOCCN1CCCCCC1
50,*[C@@H]1O[C@H](CO[P@H](=O)[O-])[C@@H](O)[C@@H]1F,*n1c2c([n+](CCOC)c1C)C(=O)c1ccccc1C2=O,COCC[n+]1c2c(n([C@@H]3O[C@H](CO[P@H](=O)[O-])[C@@H](O)[C@@H]3F)c1C)C(=O)c1ccccc1C2=O
51,*n1cnc2c(N)nccc21,*C(=O)c1ccccc1Nc1cccc(C)c1C,Cc1cccc(Nc2ccccc2C(=O)n2cnc3c(N)nccc32)c1C
52,*n1cccn1,*c1cccc(C)c1C,Cc1cccc(-n2cccn2)c1C
53,*CCOCCO,*c1cc2ccccc2c(N=C(N)c2nc(C)cc(C)n2)n1,Cc1cc(C)nc(C(N)=Nc2nc(CCOCCO)cc3ccccc23)n1
54,*c1ccc(N(C)C)cc1,*CCOCCOCCOCCOCCOCCOCCO,CN(C)c1ccc(CCOCCOCCOCCOCCOCCOCCO)cc1
55,*C(=O)c1ccccc1Nc1cccc(C)c1C,*n1c(Cl)nc2c(=O)[nH]c(N)nc21,Cc1cccc(Nc2ccccc2C(=O)n2c(Cl)nc3c(=O)[nH]c(N)nc32)c1C
56,*N1CCO[C@H](C)C1,*N1C=CCC(C(N)=O)=C1,C[C@@H]1CN(N2C=CCC(C(N)=O)=C2)CCO1
57,*c1cccc(C)c1C,*C(=O)c1cc(-c2nnn[nH]2)cc(C(F)(F)F)c1,Cc1cccc(C(=O)c2cc(-c3nnn[nH]3)cc(C(F)(F)F)c2)c1C
58,*CCOCCOCCOCCO,*CCOCCOCCOCCOCCO,OCCOCCOCCOCCCCOCCOCCOCCOCCO
59,*c1cccc(C)c1C,*CCOCCOCC,CCOCCOCCc1cccc(C)c1C
60,*CC[C@@H](N)C(=O)[O-],*Nc1cccc(-c2nnn[nH]2)c1,N[C@H](CCNc1cccc(-c2nnn[nH]2)c1)C(=O)[O-]
61,*CCOCCOCCOC,*n1cccn1,COCCOCCOCCn1cccn1
62,*c1cc2ccccc2c(N=C(N)c2nc(C)cc(C)n2)n1,*CCOCCOCCOCCOCC,CCOCCOCCOCCOCCc1cc2ccccc2c(N=C(N)c2nc(C)cc(C)n2)n1
63,*CCOC,*CCOCCOCCOCCOCCOCCOCC,CCOCCOCCOCCOCCOCCOCCCCOC
64,*C(=O)c1ccccc1[SeH],*[C@H]1C[C@H](O)[C@@H](CO[P@H](=O)[O-])O1,O=C(c1ccccc1[SeH])[C@H]1C[C@H](O)[C@@H](CO[P@H](=O)[O-])O1
65,*c1ccc(N(C)C)cc1,*CCOCCOCCOCC,CCOCCOCCOCCc1ccc(N(C)C)cc1
66,*C(=O)c1ccccc1[SeH],*O,O=C(O)c1ccccc1[SeH]
67,*N1CCCCCC1,*NC,CNN1CCCCCC1
68,*C(=O)[C@@H](N)Cc1ccccc1,*CCO,N[C@@H](Cc1ccccc1)C(=O)CCO
69,*c1cccc(NC(=O)c2cc(-n3cccn3)cc(C(F)(F)F)c2)c1,*C(=O)[C@@H](N)Cc1ccccc1,N[C@@H](Cc1ccccc1)C(=O)c1cccc(NC(=O)c2cc(-n3cccn3)cc(C(F)(F)F)c2)c1
70,*N1CCCCCC1,*[C@H]1C[C@H](O)[C@@H](CO[P@H](=O)[O-])O1,O=[P@H]([O-])OC[C@H]1O[C@@H](N2CCCCCC2)C[C@@H]1O
71,*C(=O)COC,*C(=O)c1cc(-c2ccccn2)cc(C(F)(F)F)c1,COCC(=O)C(=O)c1cc(-c2ccccn2)cc(C(F)(F)F)c1
72,*CCOCCOCCOCCO,*OC,COCCOCCOCCOCCO
73,*C(=O)c1cc(-n2cccn2)cc(C(F)(F)F)c1,*c1ccc(N(C)C)cc1,CN(C)c1ccc(C(=O)c2cc(-n3cccn3)cc(C(F)(F)F)c2)cc1
74,*[C@H]1C[C@H](O)[C@@H](CO[P@@H](=O)[O-])O1,*c1ccccn1,O=[P@@H]([O-])OC[C@H]1O[C@@H](c2ccccn2)C[C@@H]1O
75,*C(=O)c1ccc(S)cc1,*C(=O)c1ccccc1[SeH],O=C(C(=O)c1ccccc1[SeH])c1ccc(S)cc1
76,*C(=O)c1ccc(S)cc1,*NC,CNC(=O)c1ccc(S)cc1
77,*N1CCO[C@H](C)C1,*c1sc2cc(C)ccc2[n+]1C,Cc1ccc2c(c1)sc(N1CCO[C@H](C)C1)[n+]2C
78,*C(=O)COC,*CCOCCOCCOC,COCCOCCOCCC(=O)COC
79,*N1C=CCC(C(N)=O)=C1,*CCOCCOCCOCCOC,COCCOCCOCCOCCN1C=CCC(C(N)=O)=C1
80,*Cc1cnccn1,*N1CCCCCC1,c1cnc(CN2CCCCCC2)cn1
81,*C(=O)c1ccc(S)cc1,*c1nc(N)[nH]c(=O)c1NC=O,Nc1nc(C(=O)c2ccc(S)cc2)c(NC=O)c(=O)[nH]1
82,*C(=O)c1ccccc1Nc1cccc(C)c1C,*N[C@H]1CO[C@H](CO)[C@@H](O)[C@@H]1O,Cc1cccc(Nc2ccccc2C(=O)N[C@H]2CO[C@H](CO)[C@@H](O)[C@@H]2O)c1C
83,*c1cccc(C)c1C,*CCOCCOCCOCCOC,COCCOCCOCCOCCc1cccc(C)c1C
84,*c1cc2ccccc2c(N=C(N)c2nc(C)cc(C)n2)n1,*CCS,Cc1cc(C)nc(C(N)=Nc2nc(CCS)cc3ccccc23)n1
85,*C(=O)c1ccnc2[nH]c(O)nc12,*CCOC,COCCC(=O)c1ccnc2[nH]c(O)nc12
86,*c1ccc(N(C)C)cc1,*CCNc1c(NCCCCCCO)c(=O)c1=O,CN(C)c1ccc(CCNc2c(NCCCCCCO)c(=O)c2=O)cc1
87,*N(C)C,*CCOCCOCCOCCOCCOCCOCC,CCOCCOCCOCCOCCOCCOCCN(C)C
88,*CCOCCOCCOCCOCCOCCOCCOCC,*c1ccc(N(C)C)cc1,CCOCCOCCOCCOCCOCCOCCOCCc1ccc(N(C)C)cc1
89,*CCOCCOCC,*Nc1ccccc1,CCOCCOCCNc1ccccc1
90,*C(=O)c1ccccc1[SeH],*N[C@H]1CO[C@H](CO)[C@@H](O)[C@@H]1O,O=C(N[C@H]1CO[C@H](CO)[C@@H](O)[C@@H]1O)c1ccccc1[SeH]
91,*NCc1nc2ccccc2[nH]1,*CC[C@@H](N)C(=O)[O-],N[C@H](CCNCc1nc2ccccc2[nH]1)C(=O)[O-]
92,*n1cnc2c(N)nccc21,*N[C@H]1CO[C@H](CO)[C@@H](O)[C@@H]1O,Nc1nccc2c1ncn2N[C@H]1CO[C@H](CO)[C@@H](O)[C@@H]1O
93,*C(=O)c1ccc(S)cc1,*CCCCCCO,O=C(CCCCCCO)c1ccc(S)cc1
94,*CCOCCOCCOCCOCCOCCO,*C(=O)c1ccccc1[SeH],O=C(CCOCCOCCOCCOCCOCCO)c1ccccc1[SeH]
95,*n1c(Cl)nc2c(=O)[nH]c(N)nc21,*NCc1nc2ccccc2[nH]1,Nc1nc2c(nc(Cl)n2NCc2nc3ccccc3[nH]2)c(=O)[nH]1
96,*CCOCCOC,*CCOCCOCCO,COCCOCCCCOCCOCCO
97,*N(C)C,*N1CCCCCC1,CN(C)N1CCCCCC1
98,*O,*C(=O)c1cc(-n2cccn2)cc(C(F)(F)F)c1,O=C(O)c1cc(-n2cccn2)cc(C(F)(F)F)c1
99,*N1CCCCCC1,*NCc1nc2ccccc2[nH]1,c1ccc2[nH]c(CNN3CCCCCC3)nc2c1
100,*N1CCCCCC1,*c1nnn[nH]1,C1CCCN(c2nnn[nH]2)CC1
101,*Nc1ccccc1,*C(=O)c1ccccc1[SeH],O=C(Nc1ccccc1)c1ccccc1[SeH]
102,*CCCCCCO,*CCOCCOCCO,OCCCCCCCCOCCOCCO
103,*c1c(NCCCCCCO)c(=O)c1=O,*C(C)=O,CC(=O)c1c(NCCCCCCO)c(=O)c1=O
104,*C(=O)c1ccnc2[nH]c(O)nc12,*n1c2c([n+](CCOC)c1C)C(=O)c1ccccc1C2=O,COCC[n+]1c2c(n(C(=O)c3ccnc4[nH]c(O)nc34)c1C)C(=O)c1ccccc1C2=O
105,*C(=O)[C@@H](N)Cc1ccccc1,*CCOCCOCCOCCOCCO,N[C@@H](Cc1ccccc1)C(=O)CCOCCOCCOCCOCCO
106,*CCOCCOCCOCCOCCOCCOCCO,*C(=O)COC,COCC(=O)CCOCCOCCOCCOCCOCCOCCO
107,*CCS,*N[C@H]1CO[C@H](CO)[C@@H](O)[C@@H]1O,OC[C@H]1OC[C@H](NCCS)[C@@H](O)[C@@H]1O
108,*CCO,*CCNc1c(NCCCCCCO)c(=O)c1=O,O=c1c(NCCCCO)c(NCCCCCCO)c1=O
109,*N1CCCCCC1,*Nc1cccc(-c2nnn[nH]2)c1,c1cc(NN2CCCCCC2)cc(-c2nnn[nH]2)c1
110,*c1c(NCCOCCO)c(=O)c1=O,*CCOC,COCCc1c(NCCOCCO)c(=O)c1=O
111,*c1cc(C(=O)Nc2cccc(-c3nnn[nH]3)c2)cc(C(F)(F)F)c1,*CCNCCO,O=C(Nc1cccc(-c2nnn[nH]2)c1)c1cc(CCNCCO)cc(C(F)(F)F)c1
112,*C(=O)[C@@H](N)C[C@@H](N)Cc1ccccc1,*C=O,N[C@@H](Cc1ccccc1)C[C@H](N)C(=O)C=O
113,*c1ccc(N(C)C)cc1,*c1cccc(NC(=O)c2cc(-c3nnn[nH]3)cc(C(F)(F)F)c2)c1,CN(C)c1ccc(-c2cccc(NC(=O)c3cc(-c4nnn[nH]4)cc(C(F)(F)F)c3)c2)cc1
114,*CCOC,*[C@@H]1CC(O)=C(CO[P@@H](=O)[O-])O1,COCC[C@@H]1CC(O)=C(CO[P@@H](=O)[O-])O1
115,*NC,*c1cc(C(=O)Nc2cccc(-c3nnn[nH]3)c2)cc(C(F)(F)F)c1,CNc1cc(C(=O)Nc2cccc(-c3nnn[nH]3)c2)cc(C(F)(F)F)c1
116,*CC[C@@H](N)C(=O)[O-],*CCNCCO,N[C@H](CCCCNCCO)C(=O)[O-]
117,*CCOCCOCCO,*CCOCCOCCOCCOCCOCCO,OCCOCCOCCCCOCCOCCOCCOCCOCCO
118,*C(=O)c1cc(-n2cccn2)cc(C(F)(F)F)c1,*CCO,O=C(CCO)c1cc(-n2cccn2)cc(C(F)(F)F)c1
119,*CCOCCOCCOCCOCCOCCOCCOCC,*N(C)C,CCOCCOCCOCCOCCOCCOCCOCCN(C)C
120,*O,*N1CCO[C@H](C)C1,C[C@@H]1CN(O)CCO1
121,*n1cccn1,*NC,CNn1cccn1
122,*C(=O)c1cc(-n2cccn2)cc(C(F)(F)F)c1,*OC,COC(=O)c1cc(-n2cccn2)cc(C(F)(F)F)c1
123,*c1ccccc1C(=O)O,*[C@H]1C[C@H](O)[C@@H](CO[P@H](=O)[O-])O1,O=C(O)c1ccccc1[C@H]1C[C@H](O)[C@@H](CO[P@H](=O)[O-])O1
124,*CCOCC,*CCOCCOCCOCCOCCOCCO,CCOCCCCOCCOCCOCCOCCOCCO
125,*n1cccn1,*c1sc2cc(C)ccc2[n+]1C,Cc1ccc2c(c1)sc(-n1cccn1)[n+]2C
126,*N1C=CCC(C(N)=O)=C1,*C(C)=O,CC(=O)N1C=CCC(C(N)=O)=C1
127,*C(C)=O,*NC,CNC(C)=O
128,*c1ccccc1C(=O)O,*CCOCCOC,COCCOCCc1ccccc1C(=O)O
129,*[C@@H]1CC(O)=C(CO[P@@H](=O)[O-])O1,*C(=O)c1cc(-c2ccccn2)cc(C(F)(F)F)c1,O=C(c1cc(-c2ccccn2)cc(C(F)(F)F)c1)[C@@H]1CC(O)=C(CO[P@@H](=O)[O-])O1
130,*c1cc2ccccc2c(N=C(N)c2nc(C)cc(C)n2)n1,*n1cccn1,Cc1cc(C)nc(C(N)=Nc2nc(-n3cccn3)cc3ccccc23)n1
131,*N1C=CCC(C(N)=O)=C1,*C(=O)c1cc(-c2nnn[nH]2)cc(C(F)(F)F)c1,NC(=O)C1=CN(C(=O)c2cc(-c3nnn[nH]3)cc(C(F)(F)F)c2)C=CC1
132,*CCOCCOCCOCCOCCOCCOCCO,*C(=O)c1ccccc1[SeH],O=C(CCOCCOCCOCCOCCOCCOCCO)c1ccccc1[SeH]
133,*C=O,*n1cnc2c(N)ncnc21,Nc1ncnc2c1ncn2C=O
134,*CCOCCO,*CCOCCOCCOCCOCCOCC,CCOCCOCCOCCOCCOCCCCOCCO
135,*n1c(Cl)nc2c(=O)[nH]c(N)nc21,*CCOCCOCCO,Nc1nc2c(nc(Cl)n2CCOCCOCCO)c(=O)[nH]1
136,*CCOCCOCCOCCOCCOCCOCCO,*C=O,O=CCCOCCOCCOCCOCCOCCOCCO
137,*N[C@H]1CO[C@H](CO)[C@@H](O)[C@@H]1O,*CCOC,COCCN[C@H]1CO[C@H](CO)[C@@H](O)[C@@H]1O
138,*CCS,*c1ccccn1,SCCc1ccccn1
139,*CCNc1c(NCCCCCCO)c(=O)c1=O,*CCCCCCO,O=c1c(NCCCCCCO)c(NCCCCCCCCO)c1=O
140,*CCOCCO,*NC,CNCCOCCO
141,*C(C)=O,*n1c[n+](Cc2ccccc2)c2c(=O)[nH]c(N)nc21,CC(=O)n1c[n+](Cc2ccccc2)c2c(=O)[nH]c(N)nc21
142,*CCOCC,*c1ccc(NCCNCCO)c2c1C(=O)c1c(O)ccc(O)c1C2=O,CCOCCc1ccc(NCCNCCO)c2c1C(=O)c1c(O)ccc(O)c1C2=O
143,*CCOCCOCCOCCOCCOCCO,*C(=O)c1ccccc1Nc1cccc(C)c1C,Cc1cccc(Nc2ccccc2C(=O)CCOCCOCCOCCOCCOCCO)c1C
144,*CCOCCOCC,*CCCCCCO,CCOCCOCCCCCCCCO
145,*[C@@H]1O[C@H](CO[P@H](=O)[O-])[C@@H](O)[C@@H]1F,*CCOCCOCCO,O=[P@H]([O-])OC[C@H]1O[C@@H](CCOCCOCCO)[C@@H](F)[C@@H]1O
146,*c1ccccc1C(=O)O,*C(=O)c1ccnc2[nH]c(O)nc12,O=C(O)c1ccccc1C(=O)c1ccnc2[nH]c(O)nc12
147,*CCOCCO,*c1ccc(N(C)C)cc1,CN(C)c1ccc(CCOCCO)cc1
148,*CCNc1c(NCCCCCCO)c(=O)c1=O,*CCS,O=c1c(NCCCCS)c(NCCCCCCO)c1=O
149,*C(=O)c1ccnc2[nH]c(O)nc12,*CCOCCOCCO,O=C(CCOCCOCCO)c1ccnc2[nH]c(O)nc12
150,*C(=O)c1cc(-c2ccccn2)cc(C(F)(F)F)c1,*OC,COC(=O)c1cc(-c2ccccn2)cc(C(F)(F)F)c1
151,*CCOCCOCCOCCOC,*n1cccn1,COCCOCCOCCOCCn1cccn1
152,*CCS,*[C@@H]1CC(O)=C(CO[P@@H](=O)[O-])O1,O=[P@@H]([O-])OCC1=C(O)C[C@@H](CCS)O1
153,*CCNc1c(NCCCCCCO)c(=O)c1=O,*CCOCCOCCOCCOCC,CCOCCOCCOCCOCCCCNc1c(NCCCCCCO)c(=O)c1=O
154,*CCOCCOCCOCCO,*CCS,OCCOCCOCCOCCCCS
155,*c1c(NCCOCCO)c(=O)c1=O,*CCOCCOCCOCCOCCOCC,CCOCCOCCOCCOCCOCCc1c(NCCOCCO)c(=O)c1=O
156,*Nc1cccc(-c2nnn[nH]2)c1,*C(=O)c1cc(-c2nnn[nH]2)cc(C(F)(F)F)c1,O=C(Nc1cccc(-c2nnn[nH]2)c1)c1cc(-c2nnn[nH]2)cc(C(F)(F)F)c1
157,*CCOCCOCCOCCOC,*N1CCCCCC1,COCCOCCOCCOCCN1CCCCCC1
158,*C(=O)[C@@H](N)C[C@@H](N)Cc1ccccc1,*c1ccc(N(C)C)cc1,CN(C)c1ccc(C(=O)[C@@H](N)C[C@@H](N)Cc2ccccc2)cc1
159,*C(=O)c1ccccc1[SeH],*c1ccccc1C(=O)O,O=C(O)c1ccccc1C(=O)c1ccccc1[SeH]
160,*CCOCC,*c1cccc(NC(=O)c2cc(-c3nnn[nH]3)cc(C(F)(F)F)c2)c1,CCOCCc1cccc(NC(=O)c2cc(-c3nnn[nH]3)cc(C(F)(F)F)c2)c1
161,*c1nnn[nH]1,*CCOCCOCCOCCOCCOCCOCCO,OCCOCCOCCOCCOCCOCCOCCc1nnn[nH]1
162,*CCOCCOCCOCCOCCOCCOCCOCC,*Cc1cnccn1,CCOCCOCCOCCOCCOCCOCCOCCCc1cnccn1
163,*[C@H]1C[C@H](O)[C@@H](CO[P@H](=O)[O-])O1,*N1CCO[C@H](C)C1,C[C@@H]1CN([C@H]2C[C@H](O)[C@@H](CO[P@H](=O)[O-])O2)CCO1
164,*C(=O)c1cc(-c2nnn[nH]2)cc(C(F)(F)F)c1,*OC,COC(=O)c1cc(-c2nnn[nH]2)cc(C(F)(F)F)c1
165,*n1cccn1,*CCOCCOCCOCC,CCOCCOCCOCCn1cccn1
166,*CCOCCOCCOCCO,*NC,CNCCOCCOCCOCCO
167,*n1c2c([n+](CCOC)c1C)C(=O)c1ccccc1C2=O,*C(=O)c1ccccc1Nc1cccc(C)c1C,COCC[n+]1c2c(n(C(=O)c3ccccc3Nc3cccc(C)c3C)c1C)C(=O)c1ccccc1C2=O
168,*c1cc2ccccc2c(N=C(N)c2nc(C)cc(C)n2)n1,*C(=O)c1ccccc1[SeH],Cc1cc(C)nc(C(N)=Nc2nc(C(=O)c3ccccc3[SeH])cc3ccccc23)n1
169,*CCOCCOCCO,*CCOCCOCCOCC,CCOCCOCCOCCCCOCCOCCO
170,*CCNc1c(NCCCCCCO)c(=O)c1=O,*CCOCCOCC,CCOCCOCCCCNc1c(NCCCCCCO)c(=O)c1=O
171,*c1ccc(N(C)C)cc1,*CC[C@@H](N)C(=O)[O-],CN(C)c1ccc(CC[C@@H](N)C(=O)[O-])cc1
172,*[C@@H]1O[C@H](CO[P@H](=O)[O-])[C@@H](O)[C@@H]1F,*C(=O)c1ccccc1Nc1cccc(C)c1C,Cc1cccc(Nc2ccccc2C(=O)[C@@H]2O[C@H](CO[P@H](=O)[O-])[C@@H](O)[C@@H]2F)c1C
173,*C(C)=O,*c1sc2cc(C)ccc2[n+]1C,CC(=O)c1sc2cc(C)ccc2[n+]1C
174,*c1nnn[nH]1,*C(=O)COC,COCC(=O)c1nnn[nH]1
175,*c1sc2cc(C)ccc2[n+]1C,*[C@H]1C[C@H](O)[C@@H](CO[P@H](=O)[O-])O1,Cc1ccc2c(c1)sc([C@H]1C[C@H](O)[C@@H](CO[P@H](=O)[O-])O1)[n+]2C
176,*C(=O)[C@@H](N)C[C@@H](N)Cc1ccccc1,*CCO,N[C@@H](Cc1ccccc1)C[C@H](N)C(=O)CCO
177,*c1sc2cc(C)ccc2[n+]1C,*CCOCCO,Cc1ccc2c(c1)sc(CCOCCO)[n+]2C
178,*CCOCCOCCOCCOCCOCCOCCOCC,*CCS,CCOCCOCCOCCOCCOCCOCCOCCCCS
179,*n1c[n+](Cc2ccccc2)c2c(=O)[nH]c(N)nc21,*CCOCCOCCOCCO,Nc1nc2c(c(=O)[nH]1)[n+](Cc1ccccc1)cn2CCOCCOCCOCCO
180,*C(=O)c1ccnc2[nH]c(O)nc12,*OC,COC(=O)c1ccnc2[nH]c(O)nc12
181,*c1ccccc1C(=O)O,*N1CCO[C@H](C)C1,C[C@@H]1CN(c2ccccc2C(=O)O)CCO1
182,*CC[C@@H](N)C(=O)[O-],*CCOCCOCCOC,COCCOCCOCCCC[C@@H](N)C(=O)[O-]
183,*O,*c1cccc(C)c1C,Cc1cccc(O)c1C
184,*CCOCCOCC,*C(=O)c1ccc(S)cc1,CCOCCOCCC(=O)c1ccc(S)cc1
185,*n1c2c([n+](CCOC)c1C)C(=O)c1ccccc1C2=O,*O,COCC[n+]1c2c(n(O)c1C)C(=O)c1ccccc1C2=O
186,*CCOCCOCCOCCOCCOCC,*C(=O)COC,CCOCCOCCOCCOCCOCCC(=O)COC
187,*CCOC,*CCCCCCO,COCCCCCCCCO
188,*n1cnc2c(N)nccc21,*CCOCCOCCOCCOC,COCCOCCOCCOCCn1cnc2c(N)nccc21
189,*c1sc2cc(C)ccc2[n+]1C,*c1c(NCCCCCCO)c(=O)c1=O,Cc1ccc2c(c1)sc(-c1c(NCCCCCCO)c(=O)c1=O)[n+]2C
190,*C=O,*[C@@H]1CC(O)=C(CO[P@@H](=O)[O-])O1,O=C[C@@H]1CC(O)=C(CO[P@@H](=O)[O-])O1
191,*C(=O)c1ccccc1Nc1cccc(C)c1C,*n1cccn1,Cc1cccc(Nc2ccccc2C(=O)n2cccn2)c1C
192,*n1c[n+](Cc2ccccc2)c2c(=O)[nH]c(N)nc21,*C(=O)c1ccccc1[SeH],Nc1nc2c(c(=O)[nH]1)[n+](Cc1ccccc1)cn2C(=O)c1ccccc1[SeH]
193,*CCOCCOC,*n1c[n+](Cc2ccccc2)c2c(=O)[nH]c(N)nc21,COCCOCCn1c[n+](Cc2ccccc2)c2c(=O)[nH]c(N)nc21
194,*c1c(NCCOCCO)c(=O)c1=O,*N1C=CCC(C(N)=O)=C1,NC(=O)C1=CN(c2c(NCCOCCO)c(=O)c2=O)C=CC1
195,*c1c(NCCCCCCO)c(=O)c1=O,*CCOCCOCC,CCOCCOCCc1c(NCCCCCCO)c(=O)c1=O
196,*CCOCCOCCOCCOC,*C(=O)c1ccccc1[SeH],COCCOCCOCCOCCC(=O)c1ccccc1[SeH]
197,*n1cnc2c(N)nccc21,*c1cccc(NC(=O)c2cc(-n3cccn3)cc(C(F)(F)F)c2)c1,Nc1nccc2c1ncn2-c1cccc(NC(=O)c2cc(-n3cccn3)cc(C(F)(F)F)c2)c1
198,*C(C)=O,*n1cc(C(=O)[O-])c(N)nc1=O,CC(=O)n1cc(C(=O)[O-])c(N)nc1=O
199,*n1cnc2c(N)nccc21,*c1sc2cc(C)ccc2[n+]1C,Cc1ccc2c(c1)sc(-n1cnc3c(N)nccc31)[n+]2C
200,*[C@@H]1O[C@H](CO[P@H](=O)[O-])[C@@H](O)[C@@H]1F,*C(=O)c1cc(-c2ccccn2)cc(C(F)(F)F)c1,O=C(c1cc(-c2ccccn2)cc(C(F)(F)F)c1)[C@@H]1O[C@H](CO[P@H](=O)[O-])[C@@H](O)[C@@H]1F
201,*CCNCCO,*c1cccc(NC(=O)c2cc(-c3nnn[nH]3)cc(C(F)(F)F)c2)c1,O=C(Nc1cccc(CCNCCO)c1)c1cc(-c2nnn[nH]2)cc(C(F)(F)F)c1
202,*n1c(Cl)nc2c(=O)[nH]c(N)nc21,*CCOCCOCCOC,COCCOCCOCCn1c(Cl)nc2c(=O)[nH]c(N)nc21
203,*CCOCCOCCOCCOCCOCCOCCO,*Cc1cnccn1,OCCOCCOCCOCCOCCOCCOCCCc1cnccn1
204,*c1c(NCCCCCCO)c(=O)c1=O,*C(=O)[C@@H](N)Cc1ccccc1,N[C@@H](Cc1ccccc1)C(=O)c1c(NCCCCCCO)c(=O)c1=O
205,*n1cnc2c(N)nccc21,*C(=O)c1ccnc2[nH]c(O)nc12,Nc1nccc2c1ncn2C(=O)c1ccnc2[nH]c(O)nc12
206,*c1nc(N)[nH]c(=O)c1NC=O,*CCOC,COCCc1nc(N)[nH]c(=O)c1NC=O
207,*CCOCCOCCOCCOC,*c1c(NCCOCCO)c(=O)c1=O,COCCOCCOCCOCCc1c(NCCOCCO)c(=O)c1=O
208,*N1CCO[C@H](C)C1,*C(=O)COC,COCC(=O)N1CCO[C@H](C)C1
209,*CCOCCOCCOCCOC,*Nc1ccccc1,COCCOCCOCCOCCNc1ccccc1
210,*CCOCCOCCOCCO,*n1cccn1,OCCOCCOCCOCCn1cccn1
211,*OC,*n1cnc2c(N)ncnc21,COn1cnc2c(N)ncnc21
212,*N1C=CCC(C(N)=O)=C1,*c1ccccn1,NC(=O)C1=CN(c2ccccn2)C=CC1
213,*C(=O)c1cc(-c2ccccn2)cc(C(F)(F)F)c1,*CCOCCOCCO,O=C(CCOCCOCCO)c1cc(-c2ccccn2)cc(C(F)(F)F)c1
214,*C(=O)[C@@H](N)C[C@@H](N)Cc1ccccc1,*O,N[C@@H](Cc1ccccc1)C[C@H](N)C(=O)O
215,*[C@@H]1CC(O)=C(CO[P@@H](=O)[O-])O1,*N1CCO[C@H](C)C1,C[C@@H]1CN([C@@H]2CC(O)=C(CO[P@@H](=O)[O-])O2)CCO1
216,*CC[C@@H](N)C(=O)[O-],*n1cnc2c(N)nccc21,Nc1nccc2c1ncn2CC[C@@H](N)C(=O)[O-]
217,*n1c2c([n+](CCOC)c1C)C(=O)c1ccccc1C2=O,*c1c(NCCOCCO)c(=O)c1=O,COCC[n+]1c2c(n(-c3c(NCCOCCO)c(=O)c3=O)c1C)C(=O)c1ccccc1C2=O
218,*O,*N[C@H]1CO[C@H](CO)[C@@H](O)[C@@H]1O,OC[C@H]1OC[C@H](NO)[C@@H](O)[C@@H]1O
219,*c1ccccc1C(=O)O,*c1c(NCCCCCCO)c(=O)c1=O,O=C(O)c1ccccc1-c1c(NCCCCCCO)c(=O)c1=O
220,*c1nnn[nH]1,*CCOCCOCCOCCOCCO,OCCOCCOCCOCCOCCc1nnn[nH]1
221,*C(=O)[C@@H](N)Cc1ccccc1,*CCOCCOCCOCCO,N[C@@H](Cc1ccccc1)C(=O)CCOCCOCCOCCO
222,*C(C)=O,*N1CCO[C@H](C)C1,CC(=O)N1CCO[C@H](C)C1
223,*C(=O)c1cc(-c2nnn[nH]2)cc(C(F)(F)F)c1,*Cc1cnccn1,O=C(Cc1cnccn1)c1cc(-c2nnn[nH]2)cc(C(F)(F)F)c1
224,*CCOCCOC,*N[C@H]1CO[C@H](CO)[C@@H](O)[C@@H]1O,COCCOCCN[C@H]1CO[C@H](CO)[C@@H](O)[C@@H]1O
225,*n1c(Cl)nc2c(=O)[nH]c(N)nc21,*CCO,Nc1nc2c(nc(Cl)n2CCO)c(=O)[nH]1
226,*Cc1cnccn1,*NC,CNCc1cnccn1
227,*CCOCCOC,*O,COCCOCCO
228,*c1cc(C(=O)Nc2cccc(-c3nnn[nH]3)c2)cc(C(F)(F)F)c1,*C(=O)c1ccc(S)cc1,O=C(Nc1cccc(-c2nnn[nH]2)c1)c1cc(C(=O)c2ccc(S)cc2)cc(C(F)(F)F)c1
229,*Cc1cnccn1,*CCOCCOCCOCCOCC,CCOCCOCCOCCOCCCc1cnccn1
230,*C=O,*n1cccn1,O=Cn1cccn1
231,*CCOCCOCCOCCOCCO,*C(=O)[C@@H](N)C[C@@H](N)Cc1ccccc1,N[C@@H](Cc1ccccc1)C[C@H](N)C(=O)CCOCCOCCOCCOCCO
232,*CCOCCOCCOCC,*Cc1cnccn1,CCOCCOCCOCCCc1cnccn1
233,*c1nnn[nH]1,*CCOCCOC,COCCOCCc1nnn[nH]1
234,*CCOCCOCC,*Nc1cccc(-c2nnn[nH]2)c1,CCOCCOCCNc1cccc(-c2nnn[nH]2)c1
235,*C(=O)c1ccnc2[nH]c(O)nc12,*Nc1ccccc1,O=C(Nc1ccccc1)c1ccnc2[nH]c(O)nc12
236,*c1sc2cc(C)ccc2[n+]1C,*N[C@H]1CO[C@H](CO)[C@@H](O)[C@@H]1O,Cc1ccc2c(c1)sc(N[C@H]1CO[C@H](CO)[C@@H](O)[C@@H]1O)[n+]2C
237,*CCOC,*CCOCCOC,COCCCCOCCOC
238,*n1cc(C(=O)[O-])c(N)nc1=O,*C(=O)c1cc(-c2ccccn2)cc(C(F)(F)F)c1,Nc1nc(=O)n(C(=O)c2cc(-c3ccccn3)cc(C(F)(F)F)c2)cc1C(=O)[O-]
239,*C(=O)c1ccc(S)cc1,*CCOCC,CCOCCC(=O)c1ccc(S)cc1
240,*CCOCCOCCO,*c1sc2cc(C)ccc2[n+]1C,Cc1ccc2c(c1)sc(CCOCCOCCO)[n+]2C
241,*CCOCCOC,*c1ccc(NCCNCCO)c2c1C(=O)c1c(O)ccc(O)c1C2=O,COCCOCCc1ccc(NCCNCCO)c2c1C(=O)c1c(O)ccc(O)c1C2=O
242,*C(C)=O,*[C@@H]1CC(O)=C(CO[P@@H](=O)[O-])O1,CC(=O)[C@@H]1CC(O)=C(CO[P@@H](=O)[O-])O1
243,*n1cc(C(=O)[O-])c(N)nc1=O,*N1CCO[C@H](C)C1,C[C@@H]1CN(n2cc(C(=O)[O-])c(N)nc2=O)CCO1
244,*N(C)C,*CCNc1c(NCCCCCCO)c(=O)c1=O,CN(C)CCNc1c(NCCCCCCO)c(=O)c1=O
245,*N[C@H]1CO[C@H](CO)[C@@H](O)[C@@H]1O,*Cc1cnccn1,OC[C@H]1OC[C@H](NCc2cnccn2)[C@@H](O)[C@@H]1O
246,*CCOCCOCCOCCOCC,*n1cccn1,CCOCCOCCOCCOCCn1cccn1
247,*c1ccccc1C(=O)O,*C(=O)c1ccccc1Nc1cccc(C)c1C,Cc1cccc(Nc2ccccc2C(=O)c2ccccc2C(=O)O)c1C
248,*n1cnc2c(N)nccc21,*c1cccc(C)c1C,Cc1cccc(-n2cnc3c(N)nccc32)c1C
249,*CCOCCOCCOCCOCCOCCO,*CCO,OCCCCOCCOCCOCCOCCOCCO
250,*c1nnn[nH]1,*NCc1nc2ccccc2[nH]1,c1ccc2[nH]c(CNc3nnn[nH]3)nc2c1
251,*C(=O)c1cc(-c2ccccn2)cc(C(F)(F)F)c1,*CC[C@@H](N)C(=O)[O-],N[C@H](CCC(=O)c1cc(-c2ccccn2)cc(C(F)(F)F)c1)C(=O)[O-]
252,*OC,*[C@H]1C[C@H](O)[C@@H](CO[P@@H](=O)[O-])O1,CO[C@H]1C[C@H](O)[C@@H](CO[P@@H](=O)[O-])O1
253,*C(=O)c1cc(-c2ccccn2)cc(C(F)(F)F)c1,*NCc1nc2ccccc2[nH]1,O=C(NCc1nc2ccccc2[nH]1)c1cc(-c2ccccn2)cc(C(F)(F)F)c1
254,*c1ccccc1C(=O)O,*OC,COc1ccccc1C(=O)O
255,*CCOCCOCCO,*C(=O)[C@@H](N)Cc1ccccc1,N[C@@H](Cc1ccccc1)C(=O)CCOCCOCCO
256,*n1cccn1,*c1c(NCCOCCO)c(=O)c1=O,O=c1c(NCCOCCO)c(-n2cccn2)c1=O
257,*C(=O)c1cc(-c2ccccn2)cc(C(F)(F)F)c1,*C(=O)[C@@H](N)C[C@@H](N)Cc1ccccc1,N[C@@H](Cc1ccccc1)C[C@H](N)C(=O)C(=O)c1cc(-c2ccccn2)cc(C(F)(F)F)c1
258,*c1nnn[nH]1,*[C@H]1C[C@H](O)[C@@H](CO[P@H](=O)[O-])O1,O=[P@H]([O-])OC[C@H]1O[C@@H](c2nnn[nH]2)C[C@@H]1O
259,*CCOCCOCCOC,*CCOCCOCCOCCO,COCCOCCOCCCCOCCOCCOCCO
260,*[C@H]1C[C@H](O)[C@@H](CO[P@@H](=O)[O-])O1,*CCOCCOCCOC,COCCOCCOCC[C@H]1C[C@H](O)[C@@H](CO[P@@H](=O)[O-])O1
261,*N(C)C,*CCOC,COCCN(C)C
262,*CCOCCOCCOCCOCCOCCOCCOCC,*CCOCCOCC,CCOCCOCCCCOCCOCCOCCOCCOCCOCCOCC
263,*n1cccn1,*c1ccccn1,c1ccc(-n2cccn2)nc1
264,*CCOCCOCCOCCOCCOCC,*c1sc2cc(C)ccc2[n+]1C,CCOCCOCCOCCOCCOCCc1sc2cc(C)ccc2[n+]1C
265,*CCO,*O,OCCO
266,*Cc1cnccn1,*C(=O)COC,COCC(=O)Cc1cnccn1
267,*CCO,*c1c(NCCOCCO)c(=O)c1=O,O=c1c(CCO)c(NCCOCCO)c1=O
268,*c1nc(N)[nH]c(=O)c1NC=O,*n1cccn1,Nc1nc(-n2cccn2)c(NC=O)c(=O)[nH]1
269,*c1cccc(C)c1C,*CCS,Cc1cccc(CCS)c1C
270,*n1c(Cl)nc2c(=O)[nH]c(N)nc21,*NC,CNn1c(Cl)nc2c(=O)[nH]c(N)nc21
271,*CCOCCOCCOCCOCCOCC,*Nc1ccccc1,CCOCCOCCOCCOCCOCCNc1ccccc1
272,*C(=O)c1ccc(S)cc1,*Nc1ccccc1,O=C(Nc1ccccc1)c1ccc(S)cc1
273,*c1ccc(N(C)C)cc1,*N1C=CCC(C(N)=O)=C1,CN(C)c1ccc(N2C=CCC(C(N)=O)=C2)cc1
274,*c1cccc(C)c1C,*c1ccccn1,Cc1cccc(-c2ccccn2)c1C
275,*OC,*c1ccc(N(C)C)cc1,COc1ccc(N(C)C)cc1
276,*C(=O)c1ccnc2[nH]c(O)nc12,*Cc1cnccn1,O=C(Cc1cnccn1)c1ccnc2[nH]c(O)nc12
277,*O,*c1ccccc1C(=O)O,O=C(O)c1ccccc1O
278,*[C@@H]1CC(O)=C(CO[P@@H](=O)[O-])O1,*CCOCCO,O=[P@@H]([O-])OCC1=C(O)C[C@@H](CCOCCO)O1
279,*CCOC,*N1CCCCCC1,COCCN1CCCCCC1
280,*CCOCCOCCOC,*CCOCCOCCOCC,CCOCCOCCOCCCCOCCOCCOC
281,*C=O,*n1c[n+](Cc2ccccc2)c2c(=O)[nH]c(N)nc21,Nc1nc2c(c(=O)[nH]1)[n+](Cc1ccccc1)cn2C=O
282,*N(C)C,*[C@@H]1CC(O)=C(CO[P@@H](=O)[O-])O1,CN(C)[C@@H]1CC(O)=C(CO[P@@H](=O)[O-])O1
283,*CCNCCO,*c1sc2cc(C)ccc2[n+]1C,Cc1ccc2c(c1)sc(CCNCCO)[n+]2C
284,*C(=O)c1ccccc1Nc1cccc(C)c1C,*[C@H]1C[C@H](O)[C@@H](CO[P@H](=O)[O-])O1,Cc1cccc(Nc2ccccc2C(=O)[C@H]2C[C@H](O)[C@@H](CO[P@H](=O)[O-])O2)c1C
285,*C=O,*CCOCCOCCOCC,CCOCCOCCOCCC=O
286,*c1ccccn1,*CCOCCOCCOCCOCCO,OCCOCCOCCOCCOCCc1ccccn1
287,*C(=O)c1ccnc2[nH]c(O)nc12,*C=O,O=CC(=O)c1ccnc2[nH]c(O)nc12
288,*n1cnc2c(N)nccc21,*C(=O)c1cc(-n2cccn2)cc(C(F)(F)F)c1,Nc1nccc2c1ncn2C(=O)c1cc(-n2cccn2)cc(C(F)(F)F)c1
289,*CCNCCO,*c1ccccc1C(=O)O,O=C(O)c1ccccc1CCNCCO
290,*N1CCO[C@H](C)C1,*CCOCCOCCOCCO,C[C@@H]1CN(CCOCCOCCOCCO)CCO1
291,*N1C=CCC(C(N)=O)=C1,*CCCCCCO,NC(=O)C1=CN(CCCCCCO)C=CC1
292,*C(=O)[C@@H](N)Cc1ccccc1,*CCOCCOCCOC,COCCOCCOCCC(=O)[C@@H](N)Cc1ccccc1
293,*c1c(NCCCCCCO)c(=O)c1=O,*CCOCCOCCO,O=c1c(CCOCCOCCO)c(NCCCCCCO)c1=O
294,*c1ccccc1C(=O)O,*C(C)=O,CC(=O)c1ccccc1C(=O)O
295,*c1nc(N)[nH]c(=O)c1NC=O,*CCOCCOCCOCC,CCOCCOCCOCCc1nc(N)[nH]c(=O)c1NC=O
296,*C(=O)c1cc(-c2nnn[nH]2)cc(C(F)(F)F)c1,*CC[C@@H](N)C(=O)[O-],N[C@H](CCC(=O)c1cc(-c2nnn[nH]2)cc(C(F)(F)F)c1)C(=O)[O-]
297,*O,*C(=O)c1ccnc2[nH]c(O)nc12,O=C(O)c1ccnc2[nH]c(O)nc12
298,*n1cccn1,*N1C=CCC(C(N)=O)=C1,NC(=O)C1=CN(n2cccn2)C=CC1
299,*C(=O)c1ccccc1Nc1cccc(C)c1C,*n1c[n+](Cc2ccccc2)c2c(=O)[nH]c(N)nc21,Cc1cccc(Nc2ccccc2C(=O)n2c[n+](Cc3ccccc3)c3c(=O)[nH]c(N)nc32)c1C
300,*n1c[n+](Cc2ccccc2)c2c(=O)[nH]c(N)nc21,*OC,COn1c[n+](Cc2ccccc2)c2c(=O)[nH]c(N)nc21
301,*CCOCCOCC,*c1nnn[nH]1,CCOCCOCCc1nnn[nH]1
302,*N1C=CCC(C(N)=O)=C1,*CCOCCOCCOCC,CCOCCOCCOCCN1C=CCC(C(N)=O)=C1
303,*CC[C@@H](N)C(=O)[O-],*CCOCCOCCOCCOCCOCCOCCOCC,CCOCCOCCOCCOCCOCCOCCOCCCC[C@@H](N)C(=O)[O-]
304,*c1cccc(C)c1C,*Cc1cnccn1,Cc1cccc(Cc2cnccn2)c1C
305,*CCOCCOCC,*CCOCCOCCOCCO,CCOCCOCCCCOCCOCCOCCO
306,*OC,*CCCCCCO,COCCCCCCO
307,*CCOCCOCCOCCOCCOCC,*CCOC,CCOCCOCCOCCOCCOCCCCOC
308,*NCc1nc2ccccc2[nH]1,*c1sc2cc(C)ccc2[n+]1C,Cc1ccc2c(c1)sc(NCc1nc3ccccc3[nH]1)[n+]2C
309,*c1cccc(NC(=O)c2cc(-c3nnn[nH]3)cc(C(F)(F)F)c2)c1,*C(C)=O,CC(=O)c1cccc(NC(=O)c2cc(-c3nnn[nH]3)cc(C(F)(F)F)c2)c1
310,*c1cccc(C)c1C,*n1cc(C(=O)[O-])c(N)nc1=O,Cc1cccc(-n2cc(C(=O)[O-])c(N)nc2=O)c1C
311,*CCOCCOCCOC,*C(C)=O,COCCOCCOCCC(C)=O
312,*Nc1ccccc1,*CCOCCO,OCCOCCNc1ccccc1
313,*CCOCCOCCOCCOCC,*N1CCO[C@H](C)C1,CCOCCOCCOCCOCCN1CCO[C@H](C)C1
314,*CCOCC,*C(C)=O,CCOCCC(C)=O
315,*C(=O)COC,*CCOCCOCCOCCOCC,CCOCCOCCOCCOCCC(=O)COC
316,*c1ccc(N(C)C)cc1,*NCc1nc2ccccc2[nH]1,CN(C)c1ccc(NCc2nc3ccccc3[nH]2)cc1
317,*N1C=CCC(C(N)=O)=C1,*C(=O)c1cc(-c2ccccn2)cc(C(F)(F)F)c1,NC(=O)C1=CN(C(=O)c2cc(-c3ccccn3)cc(C(F)(F)F)c2)C=CC1
318,*c1c(NCCCCCCO)c(=O)c1=O,*NCc1nc2ccccc2[nH]1,O=c1c(NCCCCCCO)c(NCc2nc3ccccc3[nH]2)c1=O
319,*CCOCCOCCOCCOCCOCC,*CCS,CCOCCOCCOCCOCCOCCCCS
320,*C(=O)[C@@H](N)C[C@@H](N)Cc1ccccc1,*CCOCCOCCOCCO,N[C@@H](Cc1ccccc1)C[C@H](N)C(=O)CCOCCOCCOCCO
321,*[C@H]1C[C@H](O)[C@@H](CO[P@@H](=O)[O-])O1,*n1c2c([n+](CCOC)c1C)C(=O)c1ccccc1C2=O,COCC[n+]1c2c(n([C@H]3C[C@H](O)[C@@H](CO[P@@H](=O)[O-])O3)c1C)C(=O)c1ccccc1C2=O
322,*N[C@H]1CO[C@H](CO)[C@@H](O)[C@@H]1O,*CCOCCOCCOCCOCCO,OCCOCCOCCOCCOCCN[C@H]1CO[C@H](CO)[C@@H](O)[C@@H]1O
323,*C(=O)c1ccc(S)cc1,*C(=O)[C@@H](N)Cc1ccccc1,N[C@@H](Cc1ccccc1)C(=O)C(=O)c1ccc(S)cc1
324,*CCOCCOCCOCCOCCO,*Nc1ccccc1,OCCOCCOCCOCCOCCNc1ccccc1
325,*n1cnc2c(N)ncnc21,*CCOCC,CCOCCn1cnc2c(N)ncnc21
326,*CCNCCO,*Cc1cnccn1,OCCNCCCc1cnccn1
327,*CCOCCOCCOC,*[C@@H]1CC(O)=C(CO[P@@H](=O)[O-])O1,COCCOCCOCC[C@@H]1CC(O)=C(CO[P@@H](=O)[O-])O1
328,*CCS,*n1c(Cl)nc2c(=O)[nH]c(N)nc21,Nc1nc2c(nc(Cl)n2CCS)c(=O)[nH]1
329,*C(=O)c1cc(-c2ccccn2)cc(C(F)(F)F)c1,*[C@H]1C[C@H](O)[C@@H](CO[P@@H](=O)[O-])O1,O=C(c1cc(-c2ccccn2)cc(C(F)(F)F)c1)[C@H]1C[C@H](O)[C@@H](CO[P@@H](=O)[O-])O1
330,*NCc1nc2ccccc2[nH]1,*NC,CNNCc1nc2ccccc2[nH]1
331,*CCOCCOC,*OC,COCCOCCOC
332,*CCS,*c1cccc(NC(=O)c2cc(-n3cccn3)cc(C(F)(F)F)c2)c1,O=C(Nc1cccc(CCS)c1)c1cc(-n2cccn2)cc(C(F)(F)F)c1
333,*C(=O)c1cc(-c2nnn[nH]2)cc(C(F)(F)F)c1,*NC,CNC(=O)c1cc(-c2nnn[nH]2)cc(C(F)(F)F)c1
334,*N(C)C,*c1c(NCCCCCCO)c(=O)c1=O,CN(C)c1c(NCCCCCCO)c(=O)c1=O
335,*C(C)=O,*C(=O)c1cc(-c2nnn[nH]2)cc(C(F)(F)F)c1,CC(=O)C(=O)c1cc(-c2nnn[nH]2)cc(C(F)(F)F)c1
336,*C(=O)c1cc(-n2cccn2)cc(C(F)(F)F)c1,*CCOCCOCCOCC,CCOCCOCCOCCC(=O)c1cc(-n2cccn2)cc(C(F)(F)F)c1
337,*N1CCO[C@H](C)C1,*CCOCCOCCOCCOCCOCCOCC,CCOCCOCCOCCOCCOCCOCCN1CCO[C@H](C)C1
338,*Nc1ccccc1,*CCS,SCCNc1ccccc1
339,*N1CCO[C@H](C)C1,*CCCCCCO,C[C@@H]1CN(CCCCCCO)CCO1
340,*C(=O)c1ccccc1[SeH],*CCOCCOC,COCCOCCC(=O)c1ccccc1[SeH]
341,*N(C)C,*c1c(NCCOCCO)c(=O)c1=O,CN(C)c1c(NCCOCCO)c(=O)c1=O
342,*c1ccc(N(C)C)cc1,*CCNCCO,CN(C)c1ccc(CCNCCO)cc1
343,*n1c2c([n+](CCOC)c1C)C(=O)c1ccccc1C2=O,*N1C=CCC(C(N)=O)=C1,COCC[n+]1c2c(n(N3C=CCC(C(N)=O)=C3)c1C)C(=O)c1ccccc1C2=O
344,*CCO,*N1C=CCC(C(N)=O)=C1,NC(=O)C1=CN(CCO)C=CC1
345,*N1CCO[C@H](C)C1,*NC,CNN1CCO[C@H](C)C1
346,*C(C)=O,*C=O,CC(=O)C=O
347,*[C@H]1C[C@H](O)[C@@H](CO[P@@H](=O)[O-])O1,*c1ccc(N(C)C)cc1,CN(C)c1ccc([C@H]2C[C@H](O)[C@@H](CO[P@@H](=O)[O-])O2)cc1
348,*C(=O)c1ccc(S)cc1,*CCOCCOCCOCCOCCOCCOCC,CCOCCOCCOCCOCCOCCOCCC(=O)c1ccc(S)cc1
349,*NCc1nc2ccccc2[nH]1,*n1c2c([n+](CCOC)c1C)C(=O)c1ccccc1C2=O,COCC[n+]1c2c(n(NCc3nc4ccccc4[nH]3)c1C)C(=O)c1ccccc1C2=O
350,*n1cnc2c(N)nccc21,*CCOCCOCCOCCOCCOCCOCC,CCOCCOCCOCCOCCOCCOCCn1cnc2c(N)nccc21
351,*n1cc(C(=O)[O-])c(N)nc1=O,*N(C)C,CN(C)n1cc(C(=O)[O-])c(N)nc1=O
352,*c1cc2ccccc2c(N=C(N)c2nc(C)cc(C)n2)n1,*N1CCO[C@H](C)C1,Cc1cc(C)nc(C(N)=Nc2nc(N3CCO[C@H](C)C3)cc3ccccc23)n1
353,*CCOCCOCCOCCOCCOCCOCC,*n1cccn1,CCOCCOCCOCCOCCOCCOCCn1cccn1
354,*C=O,*c1nc(N)[nH]c(=O)c1NC=O,Nc1nc(C=O)c(NC=O)c(=O)[nH]1
355,*C(=O)c1cc(-c2nnn[nH]2)cc(C(F)(F)F)c1,*C(=O)c1ccccc1[SeH],O=C(C(=O)c1ccccc1[SeH])c1cc(-c2nnn[nH]2)cc(C(F)(F)F)c1
356,*c1ccccc1C(=O)O,*n1cnc2c(N)nccc21,Nc1nccc2c1ncn2-c1ccccc1C(=O)O
357,*N(C)C,*C=O,CN(C)C=O
358,*C(=O)c1cc(-n2cccn2)cc(C(F)(F)F)c1,*c1c(NCCOCCO)c(=O)c1=O,O=C(c1cc(-n2cccn2)cc(C(F)(F)F)c1)c1c(NCCOCCO)c(=O)c1=O
359,*c1ccccn1,*Cc1cnccn1,c1ccc(Cc2cnccn2)nc1
360,*CCOCCOCCOCCOCCOCCOCC,*N1C=CCC(C(N)=O)=C1,CCOCCOCCOCCOCCOCCOCCN1C=CCC(C(N)=O)=C1
361,*N1CCO[C@H](C)C1,*CCS,C[C@@H]1CN(CCS)CCO1
362,*C(=O)c1cc(-c2ccccn2)cc(C(F)(F)F)c1,*CCOCCOCCOC,COCCOCCOCCC(=O)c1cc(-c2ccccn2)cc(C(F)(F)F)c1
363,*C(=O)c1ccccc1Nc1cccc(C)c1C,*OC,COC(=O)c1ccccc1Nc1cccc(C)c1C
364,*CCOCCOC,*C(=O)c1cc(-n2cccn2)cc(C(F)(F)F)c1,COCCOCCC(=O)c1cc(-n2cccn2)cc(C(F)(F)F)c1
365,*C(=O)[C@@H](N)Cc1ccccc1,*C(=O)c1ccccc1[SeH],N[C@@H](Cc1ccccc1)C(=O)C(=O)c1ccccc1[SeH]
366,*CCNCCO,*c1cccc(C)c1C,Cc1cccc(CCNCCO)c1C
367,*c1ccccn1,*C(=O)c1cc(-c2nnn[nH]2)cc(C(F)(F)F)c1,O=C(c1cc(-c2nnn[nH]2)cc(C(F)(F)F)c1)c1ccccn1
368,*CCOCCOCCOC,*[C@@H]1O[C@H](CO[P@H](=O)[O-])[C@@H](O)[C@@H]1F,COCCOCCOCC[C@@H]1O[C@H](CO[P@H](=O)[O-])[C@@H](O)[C@@H]1F
369,*C(=O)c1ccccc1Nc1cccc(C)c1C,*C=O,Cc1cccc(Nc2ccccc2C(=O)C=O)c1C
370,*c1ccccc1C(=O)O,*CCOCCOCCOCCOCCOCCO,O=C(O)c1ccccc1CCOCCOCCOCCOCCOCCO
371,*c1sc2cc(C)ccc2[n+]1C,*C(=O)[C@@H](N)Cc1ccccc1,Cc1ccc2c(c1)sc(C(=O)[C@@H](N)Cc1ccccc1)[n+]2C
372,*C(C)=O,*c1cccc(C)c1C,CC(=O)c1cccc(C)c1C
373,*CCOCCOCCOCCOCCOCCO,*CCOCCOCCOC,COCCOCCOCCCCOCCOCCOCCOCCOCCO
374,*C(=O)c1ccccc1Nc1cccc(C)c1C,*N(C)C,Cc1cccc(Nc2ccccc2C(=O)N(C)C)c1C
375,*C(=O)c1ccc(S)cc1,*CCOCCOCCOCCOCCOCCOCCOCC,CCOCCOCCOCCOCCOCCOCCOCCC(=O)c1ccc(S)cc1
376,*NCc1nc2ccccc2[nH]1,*CCS,SCCNCc1nc2ccccc2[nH]1
377,*OC,*CCOCCOCCOCCOCCOCCOCCOCC,CCOCCOCCOCCOCCOCCOCCOCCOC
378,*C(C)=O,*CCOCCOCCOCCOCCOCCOCCOCC,CCOCCOCCOCCOCCOCCOCCOCCC(C)=O
379,*CCOCCOCCOCCOCCOCCOCCO,*C(=O)[C@@H](N)Cc1ccccc1,N[C@@H](Cc1ccccc1)C(=O)CCOCCOCCOCCOCCOCCOCCO
380,*C(=O)c1cc(-c2ccccn2)cc(C(F)(F)F)c1,*c1nnn[nH]1,O=C(c1cc(-c2ccccn2)cc(C(F)(F)F)c1)c1nnn[nH]1
381,*c1ccccn1,*CCOCCOCCOCCOCCOCCO,OCCOCCOCCOCCOCCOCCc1ccccn1
382,*CCOCC,*CCOCCOCCOC,CCOCCCCOCCOCCOC
383,*c1cccc(C)c1C,*OC,COc1cccc(C)c1C
384,*C(C)=O,*NCc1nc2ccccc2[nH]1,CC(=O)NCc1nc2ccccc2[nH]1
385,*n1cnc2c(N)ncnc21,*N(C)C,CN(C)n1cnc2c(N)ncnc21
386,*NCc1nc2ccccc2[nH]1,*CCOCCOCCOCC,CCOCCOCCOCCNCc1nc2ccccc2[nH]1
387,*C(=O)c1ccc(S)cc1,*C(=O)c1cc(-n2cccn2)cc(C(F)(F)F)c1,O=C(C(=O)c1cc(-n2cccn2)cc(C(F)(F)F)c1)c1ccc(S)cc1
388,*C(=O)COC,*N1CCCCCC1,COCC(=O)N1CCCCCC1
389,*n1cc(C(=O)[O-])c(N)nc1=O,*Nc1ccccc1,Nc1nc(=O)n(Nc2ccccc2)cc1C(=O)[O-]
390,*[C@@H]1CC(O)=C(CO[P@@H](=O)[O-])O1,*N1C=CCC(C(N)=O)=C1,NC(=O)C1=CN([C@@H]2CC(O)=C(CO[P@@H](=O)[O-])O2)C=CC1
391,*CCOCCOCCOCCOCCOCCOCC,*CCOCCO,CCOCCOCCOCCOCCOCCOCCCCOCCO
392,*CCOCCOCCOC,*c1ccccc1C(=O)O,COCCOCCOCCc1ccccc1C(=O)O
393,*n1c[n+](Cc2ccccc2)c2c(=O)[nH]c(N)nc21,*CCOCCOCC,CCOCCOCCn1c[n+](Cc2ccccc2)c2c(=O)[nH]c(N)nc21
394,*N(C)C,*c1cccc(NC(=O)c2cc(-n3cccn3)cc(C(F)(F)F)c2)c1,CN(C)c1cccc(NC(=O)c2cc(-n3cccn3)cc(C(F)(F)F)c2)c1
395,*C(=O)c1ccccc1Nc1cccc(C)c1C,*N1C=CCC(C(N)=O)=C1,Cc1cccc(Nc2ccccc2C(=O)N2C=CCC(C(N)=O)=C2)c1C
396,*C(=O)c1ccccc1Nc1cccc(C)c1C,*CCOCCOCCOC,COCCOCCOCCC(=O)c1ccccc1Nc1cccc(C)c1C
397,*C=O,*n1cc(C(=O)[O-])c(N)nc1=O,Nc1nc(=O)n(C=O)cc1C(=O)[O-]
398,*CCOCCOCCOCCOCCOCC,*CCOCC,CCOCCCCOCCOCCOCCOCCOCC
399,*NC,*C(=O)c1ccnc2[nH]c(O)nc12,CNC(=O)c1ccnc2[nH]c(O)nc12
400,*n1c2c([n+](CCOC)c1C)C(=O)c1ccccc1C2=O,*CCOCCOCCOCCO,COCC[n+]1c2c(n(CCOCCOCCOCCO)c1C)C(=O)c1ccccc1C2=O
401,*CCOCCOCCOC,*c1c(NCCOCCO)c(=O)c1=O,COCCOCCOCCc1c(NCCOCCO)c(=O)c1=O
402,*n1c2c([n+](CCOC)c1C)C(=O)c1ccccc1C2=O,*n1cccn1,COCC[n+]1c2c(n(-n3cccn3)c1C)C(=O)c1ccccc1C2=O
403,*NC,*c1cccc(C)c1C,CNc1cccc(C)c1C
404,*N1C=CCC(C(N)=O)=C1,*N(C)C,CN(C)N1C=CCC(C(N)=O)=C1
405,*CCO,*CCOCCOCCOCCOC,COCCOCCOCCOCCCCO
406,*OC,*c1c(NCCOCCO)c(=O)c1=O,COc1c(NCCOCCO)c(=O)c1=O
407,*c1nnn[nH]1,*CCOCCOCCOCCOCCOCCOCCOCC,CCOCCOCCOCCOCCOCCOCCOCCc1nnn[nH]1
408,*c1cccc(C)c1C,*NCc1nc2ccccc2[nH]1,Cc1cccc(NCc2nc3ccccc3[nH]2)c1C
409,*n1c[n+](Cc2ccccc2)c2c(=O)[nH]c(N)nc21,*CCOCCOCCOCCOC,COCCOCCOCCOCCn1c[n+](Cc2ccccc2)c2c(=O)[nH]c(N)nc21
410,*CCOCCOCCO,*n1c2c([n+](CCOC)c1C)C(=O)c1ccccc1C2=O,COCC[n+]1c2c(n(CCOCCOCCO)c1C)C(=O)c1ccccc1C2=O
411,*CCNc1c(NCCCCCCO)c(=O)c1=O,*c1sc2cc(C)ccc2[n+]1C,Cc1ccc2c(c1)sc(CCNc1c(NCCCCCCO)c(=O)c1=O)[n+]2C
412,*O,*CCOCC,CCOCCO
413,*CCOCCOCCOCCOC,*[C@@H]1CC(O)=C(CO[P@@H](=O)[O-])O1,COCCOCCOCCOCC[C@@H]1CC(O)=C(CO[P@@H](=O)[O-])O1
414,*CCOCCOCCOCCOCCOCCOCC,*CCS,CCOCCOCCOCCOCCOCCOCCCCS
415,*CCS,*CCOCCOCCOCCOCCOCCOCCO,OCCOCCOCCOCCOCCOCCOCCCCS
416,*c1cccc(NC(=O)c2cc(-n3cccn3)cc(C(F)(F)F)c2)c1,*CCOCCOCCOC,COCCOCCOCCc1cccc(NC(=O)c2cc(-n3cccn3)cc(C(F)(F)F)c2)c1
417,*CCNCCO,*OC,COCCNCCO
418,*C(=O)c1ccnc2[nH]c(O)nc12,*c1nnn[nH]1,O=C(c1nnn[nH]1)c1ccnc2[nH]c(O)nc12
419,*N[C@H]1CO[C@H](CO)[C@@H](O)[C@@H]1O,*CCOCCOCCOCCOCC,CCOCCOCCOCCOCCN[C@H]1CO[C@H](CO)[C@@H](O)[C@@H]1O
420,*c1ccccn1,*n1cnc2c(N)ncnc21,Nc1ncnc2c1ncn2-c1ccccn1
421,*C(=O)c1ccc(S)cc1,*CCO,O=C(CCO)c1ccc(S)cc1
422,*c1nc(N)[nH]c(=O)c1NC=O,*C(=O)c1ccccc1[SeH],Nc1nc(C(=O)c2ccccc2[SeH])c(NC=O)c(=O)[nH]1
423,*c1cccc(NC(=O)c2cc(-n3cccn3)cc(C(F)(F)F)c2)c1,*CCOCCOC,COCCOCCc1cccc(NC(=O)c2cc(-n3cccn3)cc(C(F)(F)F)c2)c1
424,*CCOCCOCCOC,*CCO,COCCOCCOCCCCO
425,*C(=O)[C@@H](N)C[C@@H](N)Cc1ccccc1,*CCOCCOC,COCCOCCC(=O)[C@@H](N)C[C@@H](N)Cc1ccccc1
426,*c1ccccc1C(=O)O,*NCc1nc2ccccc2[nH]1,O=C(O)c1ccccc1NCc1nc2ccccc2[nH]1
427,*CCOCCOCCO,*CCOCCOCC,CCOCCOCCCCOCCOCCO
428,*CCO,*c1cc(C(=O)Nc2cccc(-c3nnn[nH]3)c2)cc(C(F)(F)F)c1,O=C(Nc1cccc(-c2nnn[nH]2)c1)c1cc(CCO)cc(C(F)(F)F)c1
429,*CCCCCCO,*CCOCC,CCOCCCCCCCCO
430,*CCS,*O,OCCS
431,*Nc1ccccc1,*c1sc2cc(C)ccc2[n+]1C,Cc1ccc2c(c1)sc(Nc1ccccc1)[n+]2C
432,*CCOCCOCCOCCO,*C(=O)c1ccnc2[nH]c(O)nc12,O=C(CCOCCOCCOCCO)c1ccnc2[nH]c(O)nc12
433,*C(=O)c1cc(-c2ccccn2)cc(C(F)(F)F)c1,*n1c[n+](Cc2ccccc2)c2c(=O)[nH]c(N)nc21,Nc1nc2c(c(=O)[nH]1)[n+](Cc1ccccc1)cn2C(=O)c1cc(-c2ccccn2)cc(C(F)(F)F)c1
434,*c1sc2cc(C)ccc2[n+]1C,*[C@@H]1CC(O)=C(CO[P@@H](=O)[O-])O1,Cc1ccc2c(c1)sc([C@@H]1CC(O)=C(CO[P@@H](=O)[O-])O1)[n+]2C
435,*Nc1ccccc1,*N(C)C,CN(C)Nc1ccccc1
436,*CC[C@@H](N)C(=O)[O-],*O,N[C@H](CCO)C(=O)[O-]
437,*OC,*CCOCCOCCOCCOCCO,COCCOCCOCCOCCOCCO
438,*n1cccn1,*CCS,SCCn1cccn1
439,*CCS,*CCOCCOCCOCCOCCO,OCCOCCOCCOCCOCCCCS
440,*c1cccc(C)c1C,*[C@H]1C[C@H](O)[C@@H](CO[P@@H](=O)[O-])O1,Cc1cccc([C@H]2C[C@H](O)[C@@H](CO[P@@H](=O)[O-])O2)c1C
441,*n1cnc2c(N)ncnc21,*c1sc2cc(C)ccc2[n+]1C,Cc1ccc2c(c1)sc(-n1cnc3c(N)ncnc31)[n+]2C
442,*N(C)C,*C(=O)COC,COCC(=O)N(C)C
443,*c1nnn[nH]1,*CC[C@@H](N)C(=O)[O-],N[C@H](CCc1nnn[nH]1)C(=O)[O-]
444,*n1c[n+](Cc2ccccc2)c2c(=O)[nH]c(N)nc21,*CCOCCOCCO,Nc1nc2c(c(=O)[nH]1)[n+](Cc1ccccc1)cn2CCOCCOCCO
445,*CCOCCOCCOC,*C(=O)c1ccnc2[nH]c(O)nc12,COCCOCCOCCC(=O)c1ccnc2[nH]c(O)nc12
446,*n1c(Cl)nc2c(=O)[nH]c(N)nc21,*C=O,Nc1nc2c(nc(Cl)n2C=O)c(=O)[nH]1
447,*c1c(NCCOCCO)c(=O)c1=O,*NC,CNc1c(NCCOCCO)c(=O)c1=O
448,*OC,*CCOCCOCCOCCOCCOCCOCC,CCOCCOCCOCCOCCOCCOCCOC
449,*Nc1ccccc1,*c1cccc(C)c1C,Cc1cccc(Nc2ccccc2)c1C
450,*c1c(NCCOCCO)c(=O)c1=O,*c1cccc(C)c1C,Cc1cccc(-c2c(NCCOCCO)c(=O)c2=O)c1C
451,*Nc1ccccc1,*C=O,O=CNc1ccccc1
452,*CCO,*CCOCCOCCOCCOCCOCC,CCOCCOCCOCCOCCOCCCCO
453,*C(=O)[C@@H](N)C[C@@H](N)Cc1ccccc1,*C(C)=O,CC(=O)C(=O)[C@@H](N)C[C@@H](N)Cc1ccccc1
454,*c1ccccc1C(=O)O,*c1cccc(NC(=O)c2cc(-c3nnn[nH]3)cc(C(F)(F)F)c2)c1,O=C(Nc1cccc(-c2ccccc2C(=O)O)c1)c1cc(-c2nnn[nH]2)cc(C(F)(F)F)c1
455,*c1sc2cc(C)ccc2[n+]1C,*CC[C@@H](N)C(=O)[O-],Cc1ccc2c(c1)sc(CC[C@@H](N)C(=O)[O-])[n+]2C
456,*C(=O)c1ccnc2[nH]c(O)nc12,*CCOCCOCCOCCOC,COCCOCCOCCOCCC(=O)c1ccnc2[nH]c(O)nc12
457,*C(=O)c1cc(-c2ccccn2)cc(C(F)(F)F)c1,*N[C@H]1CO[C@H](CO)[C@@H](O)[C@@H]1O,O=C(N[C@H]1CO[C@H](CO)[C@@H](O)[C@@H]1O)c1cc(-c2ccccn2)cc(C(F)(F)F)c1
458,*c1ccc(N(C)C)cc1,*n1c(Cl)nc2c(=O)[nH]c(N)nc21,CN(C)c1ccc(-n2c(Cl)nc3c(=O)[nH]c(N)nc32)cc1
459,*C(C)=O,*CCNc1c(NCCCCCCO)c(=O)c1=O,CC(=O)CCNc1c(NCCCCCCO)c(=O)c1=O
460,*N1C=CCC(C(N)=O)=C1,*CCOCCOCCOCCO,NC(=O)C1=CN(CCOCCOCCOCCO)C=CC1
461,*c1ccc(N(C)C)cc1,*CCOCCOCCOCCOCCOCC,CCOCCOCCOCCOCCOCCc1ccc(N(C)C)cc1
462,*c1cc2ccccc2c(N=C(N)c2nc(C)cc(C)n2)n1,*N1C=CCC(C(N)=O)=C1,Cc1cc(C)nc(C(N)=Nc2nc(N3C=CCC(C(N)=O)=C3)cc3ccccc23)n1
463,*CCOC,*Nc1ccccc1,COCCNc1ccccc1
464,*Cc1cnccn1,*c1nc(N)[nH]c(=O)c1NC=O,Nc1nc(Cc2cnccn2)c(NC=O)c(=O)[nH]1
465,*C(=O)c1ccc(S)cc1,*CCNCCO,O=C(CCNCCO)c1ccc(S)cc1
466,*c1cc(C(=O)Nc2cccc(-c3nnn[nH]3)c2)cc(C(F)(F)F)c1,*NCc1nc2ccccc2[nH]1,O=C(Nc1cccc(-c2nnn[nH]2)c1)c1cc(NCc2nc3ccccc3[nH]2)cc(C(F)(F)F)c1
467,*CCO,*N1CCCCCC1,OCCN1CCCCCC1
468,*Cc1cnccn1,*C(=O)[C@@H](N)C[C@@H](N)Cc1ccccc1,N[C@@H](Cc1ccccc1)C[C@H](N)C(=O)Cc1cnccn1
469,*Nc1ccccc1,*c1nnn[nH]1,c1ccc(Nc2nnn[nH]2)cc1
470,*CCOCCOCCOCCOCCOCCOCC,*C(=O)[C@@H](N)Cc1ccccc1,CCOCCOCCOCCOCCOCCOCCC(=O)[C@@H](N)Cc1ccccc1
471,*C(=O)c1ccnc2[nH]c(O)nc12,*C(=O)[C@@H](N)Cc1ccccc1,N[C@@H](Cc1ccccc1)C(=O)C(=O)c1ccnc2[nH]c(O)nc12
472,*c1c(NCCOCCO)c(=O)c1=O,*Nc1ccccc1,O=c1c(NCCOCCO)c(Nc2ccccc2)c1=O
473,*c1c(NCCOCCO)c(=O)c1=O,*CCS,O=c1c(CCS)c(NCCOCCO)c1=O
474,*C=O,*c1ccc(N(C)C)cc1,CN(C)c1ccc(C=O)cc1
475,*N[C@H]1CO[C@H](CO)[C@@H](O)[C@@H]1O,*N1CCCCCC1,OC[C@H]1OC[C@H](NN2CCCCCC2)[C@@H](O)[C@@H]1O
476,*CCS,*n1cnc2c(N)ncnc21,Nc1ncnc2c1ncn2CCS
477,*CCOCCOCCOCCO,*C(=O)c1cc(-c2ccccn2)cc(C(F)(F)F)c1,O=C(CCOCCOCCOCCO)c1cc(-c2ccccn2)cc(C(F)(F)F)c1
478,*CCOCCOCCO,*n1cnc2c(N)ncnc21,Nc1ncnc2c1ncn2CCOCCOCCO
479,*CCOCCOCCOCCO,*C(=O)COC,COCC(=O)CCOCCOCCOCCO
480,*c1ccc(N(C)C)cc1,*C(C)=O,CC(=O)c1ccc(N(C)C)cc1
481,*CCOCCOCCOC,*CCOCCOCCOCCOCC,CCOCCOCCOCCOCCCCOCCOCCOC
482,*CCOCCO,*n1cccn1,OCCOCCn1cccn1
483,*CCOC,*CCOCCOCCOCCOCCOCCO,COCCCCOCCOCCOCCOCCOCCO
484,*CCOCCOCCO,*C(=O)c1ccc(S)cc1,O=C(CCOCCOCCO)c1ccc(S)cc1
485,*c1ccccc1C(=O)O,*CCOCCOCCOCC,CCOCCOCCOCCc1ccccc1C(=O)O
486,*n1cc(C(=O)[O-])c(N)nc1=O,*CCOCCOCCO,Nc1nc(=O)n(CCOCCOCCO)cc1C(=O)[O-]
487,*CCOC,*n1cccn1,COCCn1cccn1
488,*c1cc(C(=O)Nc2cccc(-c3nnn[nH]3)c2)cc(C(F)(F)F)c1,*n1cccn1,O=C(Nc1cccc(-c2nnn[nH]2)c1)c1cc(-n2cccn2)cc(C(F)(F)F)c1
489,*CC[C@@H](N)C(=O)[O-],*N1CCCCCC1,N[C@H](CCN1CCCCCC1)C(=O)[O-]
490,*CCOCCOCCOCCO,*CCNCCO,OCCNCCCCOCCOCCOCCO
491,*c1nc(N)[nH]c(=O)c1NC=O,*c1sc2cc(C)ccc2[n+]1C,Cc1ccc2c(c1)sc(-c1nc(N)[nH]c(=O)c1NC=O)[n+]2C
492,*C(=O)c1cc(-c2ccccn2)cc(C(F)(F)F)c1,*O,O=C(O)c1cc(-c2ccccn2)cc(C(F)(F)F)c1
493,*n1cnc2c(N)nccc21,*c1ccccn1,Nc1nccc2c1ncn2-c1ccccn1
494,*Nc1ccccc1,*c1c(NCCCCCCO)c(=O)c1=O,O=c1c(NCCCCCCO)c(Nc2ccccc2)c1=O
495,*CCOCCO,*CCOCCOCCOCCOCCOCCOCCOCC,CCOCCOCCOCCOCCOCCOCCOCCCCOCCO
496,*C(=O)[C@@H](N)Cc1ccccc1,*CCOC,COCCC(=O)[C@@H](N)Cc1ccccc1
497,*CCNCCO,*CCOC,COCCCCNCCO
498,*C(=O)c1cc(-n2cccn2)cc(C(F)(F)F)c1,*CCOC,COCCC(=O)c1cc(-n2cccn2)cc(C(F)(F)F)c1
499,*c1cccc(C)c1C,*C(=O)[C@@H](N)C[C@@H](N)Cc1ccccc1,Cc1cccc(C(=O)[C@@H](N)C[C@@H](N)Cc2ccccc2)c1C
500,*N1C=CCC(C(N)=O)=C1,*CCOC,COCCN1C=CCC(C(N)=O)=C1
501,*Cc1cnccn1,*C(=O)c1cc(-c2ccccn2)cc(C(F)(F)F)c1,O=C(Cc1cnccn1)c1cc(-c2ccccn2)cc(C(F)(F)F)c1
502,*CCOCCOCCOCCOC,*C(=O)[C@@H](N)C[C@@H](N)Cc1ccccc1,COCCOCCOCCOCCC(=O)[C@@H](N)C[C@@H](N)Cc1ccccc1
503,*C(=O)[C@@H](N)C[C@@H](N)Cc1ccccc1,*N1C=CCC(C(N)=O)=C1,NC(=O)C1=CN(C(=O)[C@@H](N)C[C@@H](N)Cc2ccccc2)C=CC1
504,*c1cccc(NC(=O)c2cc(-c3ccccn3)cc(C(F)(F)F)c2)c1,*CCOCCO,O=C(Nc1cccc(CCOCCO)c1)c1cc(-c2ccccn2)cc(C(F)(F)F)c1
505,*NC,*c1cccc(NC(=O)c2cc(-n3cccn3)cc(C(F)(F)F)c2)c1,CNc1cccc(NC(=O)c2cc(-n3cccn3)cc(C(F)(F)F)c2)c1
506,*CCS,*OC,COCCS
507,*CCOCCOC,*CCOCC,CCOCCCCOCCOC
508,*CCOCC,*CCOCCO,CCOCCCCOCCO
509,*C(=O)COC,*CCNc1c(NCCCCCCO)c(=O)c1=O,COCC(=O)CCNc1c(NCCCCCCO)c(=O)c1=O
510,*[C@H]1C[C@H](O)[C@@H](CO[P@@H](=O)[O-])O1,*CCOCCOCCOCCOCCOCC,CCOCCOCCOCCOCCOCC[C@H]1C[C@H](O)[C@@H](CO[P@@H](=O)[O-])O1
511,*C(=O)c1ccc(S)cc1,*C(C)=O,CC(=O)C(=O)c1ccc(S)cc1
512,*C=O,*O,O=CO
513,*c1c(NCCCCCCO)c(=O)c1=O,*CC[C@@H](N)C(=O)[O-],N[C@H](CCc1c(NCCCCCCO)c(=O)c1=O)C(=O)[O-]
514,*NC,*CCOCCOCCOCCOC,CNCCOCCOCCOCCOC
515,*c1c(NCCCCCCO)c(=O)c1=O,*CCCCCCO,O=c1c(CCCCCCO)c(NCCCCCCO)c1=O
516,*N1CCCCCC1,*C(=O)c1cc(-n2cccn2)cc(C(F)(F)F)c1,O=C(c1cc(-n2cccn2)cc(C(F)(F)F)c1)N1CCCCCC1
517,*C(=O)c1cc(-n2cccn2)cc(C(F)(F)F)c1,*CCOCCOCCO,O=C(CCOCCOCCO)c1cc(-n2cccn2)cc(C(F)(F)F)c1
518,*C(=O)c1ccccc1[SeH],*N(C)C,CN(C)C(=O)c1ccccc1[SeH]
519,*c1nnn[nH]1,*c1ccccc1C(=O)O,O=C(O)c1ccccc1-c1nnn[nH]1
520,*NC,*n1cnc2c(N)ncnc21,CNn1cnc2c(N)ncnc21
521,*Nc1ccccc1,*C(=O)[C@@H](N)Cc1ccccc1,N[C@@H](Cc1ccccc1)C(=O)Nc1ccccc1
522,*c1cc2ccccc2c(N=C(N)c2nc(C)cc(C)n2)n1,*CCOCCOCCOC,COCCOCCOCCc1cc2ccccc2c(N=C(N)c2nc(C)cc(C)n2)n1
523,*[C@H]1C[C@H](O)[C@@H](CO[P@H](=O)[O-])O1,*CCOCCO,O=[P@H]([O-])OC[C@H]1O[C@@H](CCOCCO)C[C@@H]1O
524,*CC[C@@H](N)C(=O)[O-],*OC,COCC[C@@H](N)C(=O)[O-]
525,*NCc1nc2ccccc2[nH]1,*CCOCCOCCOCCOCCOCCOCCO,OCCOCCOCCOCCOCCOCCOCCNCc1nc2ccccc2[nH]1
526,*N1CCCCCC1,*c1cc(C(=O)Nc2cccc(-c3nnn[nH]3)c2)cc(C(F)(F)F)c1,O=C(Nc1cccc(-c2nnn[nH]2)c1)c1cc(N2CCCCCC2)cc(C(F)(F)F)c1
527,*CC[C@@H](N)C(=O)[O-],*CCOCCOCCOCCOCCOCCO,N[C@H](CCCCOCCOCCOCCOCCOCCO)C(=O)[O-]
528,*N1CCO[C@H](C)C1,*CCOCCOCCOCCOCCOCCOCCO,C[C@@H]1CN(CCOCCOCCOCCOCCOCCOCCO)CCO1
529,*CCOCCOCCOCCOCCOCCO,*C=O,O=CCCOCCOCCOCCOCCOCCO
530,*C(=O)c1ccnc2[nH]c(O)nc12,*CCCCCCO,O=C(CCCCCCO)c1ccnc2[nH]c(O)nc12
531,*n1cccn1,*C(=O)[C@@H](N)C[C@@H](N)Cc1ccccc1,N[C@@H](Cc1ccccc1)C[C@H](N)C(=O)n1cccn1
532,*O,*C(=O)c1ccc(S)cc1,O=C(O)c1ccc(S)cc1
533,*c1c(NCCOCCO)c(=O)c1=O,*c1ccc(N(C)C)cc1,CN(C)c1ccc(-c2c(NCCOCCO)c(=O)c2=O)cc1
534,*C(=O)c1cc(-c2nnn[nH]2)cc(C(F)(F)F)c1,*O,O=C(O)c1cc(-c2nnn[nH]2)cc(C(F)(F)F)c1
535,*CC[C@@H](N)C(=O)[O-],*C(=O)c1cc(-n2cccn2)cc(C(F)(F)F)c1,N[C@H](CCC(=O)c1cc(-n2cccn2)cc(C(F)(F)F)c1)C(=O)[O-]
536,*n1cnc2c(N)ncnc21,*CCOCCOCCOCCOCC,CCOCCOCCOCCOCCn1cnc2c(N)ncnc21
537,*CCOCCOCCOCCOCC,*CCOCCOCC,CCOCCOCCCCOCCOCCOCCOCC
538,*c1ccc(N(C)C)cc1,*c1cccc(C)c1C,Cc1cccc(-c2ccc(N(C)C)cc2)c1C
539,*Nc1cccc(-c2nnn[nH]2)c1,*C(=O)[C@@H](N)Cc1ccccc1,N[C@@H](Cc1ccccc1)C(=O)Nc1cccc(-c2nnn[nH]2)c1
540,*[C@@H]1CC(O)=C(CO[P@@H](=O)[O-])O1,*c1cccc(C)c1C,Cc1cccc([C@@H]2CC(O)=C(CO[P@@H](=O)[O-])O2)c1C
541,*C=O,*c1ccccc1C(=O)O,O=Cc1ccccc1C(=O)O
542,*Nc1cccc(-c2nnn[nH]2)c1,*CCOCC,CCOCCNc1cccc(-c2nnn[nH]2)c1
543,*C(=O)c1ccccc1[SeH],*C(=O)c1cc(-c2ccccn2)cc(C(F)(F)F)c1,O=C(C(=O)c1ccccc1[SeH])c1cc(-c2ccccn2)cc(C(F)(F)F)c1
544,*CCCCCCO,*N1CCCCCC1,OCCCCCCN1CCCCCC1
545,*C(C)=O,*CCOCCOCCOCCOCCOCCO,CC(=O)CCOCCOCCOCCOCCOCCO
546,*n1c[n+](Cc2ccccc2)c2c(=O)[nH]c(N)nc21,*c1ccc(N(C)C)cc1,CN(C)c1ccc(-n2c[n+](Cc3ccccc3)c3c(=O)[nH]c(N)nc32)cc1
547,*CCOCCOCCOCCOCCOCC,*C(=O)c1cc(-c2nnn[nH]2)cc(C(F)(F)F)c1,CCOCCOCCOCCOCCOCCC(=O)c1cc(-c2nnn[nH]2)cc(C(F)(F)F)c1
548,*C(=O)c1ccnc2[nH]c(O)nc12,*c1cccc(NC(=O)c2cc(-n3cccn3)cc(C(F)(F)F)c2)c1,O=C(Nc1cccc(C(=O)c2ccnc3[nH]c(O)nc23)c1)c1cc(-n2cccn2)cc(C(F)(F)F)c1
549,*CCOCCOCCOCCOCCOCCOCC,*CCOCCOCCOCC,CCOCCOCCOCCCCOCCOCCOCCOCCOCCOCC
550,*N1CCCCCC1,*C(=O)[C@@H](N)C[C@@H](N)Cc1ccccc1,N[C@@H](Cc1ccccc1)C[C@H](N)C(=O)N1CCCCCC1
551,*N1CCCCCC1,*[C@@H]1O[C@H](CO[P@H](=O)[O-])[C@@H](O)[C@@H]1F,O=[P@H]([O-])OC[C@H]1O[C@@H](N2CCCCCC2)[C@@H](F)[C@@H]1O
552,*c1cccc(C)c1C,*c1c(NCCCCCCO)c(=O)c1=O,Cc1cccc(-c2c(NCCCCCCO)c(=O)c2=O)c1C
553,*CCNCCO,*C(=O)[C@@H](N)C[C@@H](N)Cc1ccccc1,N[C@@H](Cc1ccccc1)C[C@H](N)C(=O)CCNCCO
554,*n1c2c([n+](CCOC)c1C)C(=O)c1ccccc1C2=O,*CCOCCO,COCC[n+]1c2c(n(CCOCCO)c1C)C(=O)c1ccccc1C2=O
555,*[C@@H]1O[C@H](CO[P@H](=O)[O-])[C@@H](O)[C@@H]1F,*N(C)C,CN(C)[C@@H]1O[C@H](CO[P@H](=O)[O-])[C@@H](O)[C@@H]1F
556,*C(=O)c1cc(-n2cccn2)cc(C(F)(F)F)c1,*CCOCCOCCOCCOCCO,O=C(CCOCCOCCOCCOCCO)c1cc(-n2cccn2)cc(C(F)(F)F)c1
557,*C(=O)c1cc(-n2cccn2)cc(C(F)(F)F)c1,*NCc1nc2ccccc2[nH]1,O=C(NCc1nc2ccccc2[nH]1)c1cc(-n2cccn2)cc(C(F)(F)F)c1
558,*CCO,*C(=O)c1ccccc1[SeH],O=C(CCO)c1ccccc1[SeH]
559,*CC[C@@H](N)C(=O)[O-],*N1CCO[C@H](C)C1,C[C@@H]1CN(CC[C@@H](N)C(=O)[O-])CCO1
560,*CCOCCOCCOCCOCCO,*n1c[n+](Cc2ccccc2)c2c(=O)[nH]c(N)nc21,Nc1nc2c(c(=O)[nH]1)[n+](Cc1ccccc1)cn2CCOCCOCCOCCOCCO
561,*[C@@H]1O[C@H](CO[P@H](=O)[O-])[C@@H](O)[C@@H]1F,*c1cccc(C)c1C,Cc1cccc([C@@H]2O[C@H](CO[P@H](=O)[O-])[C@@H](O)[C@@H]2F)c1C
562,*[C@@H]1O[C@H](CO[P@H](=O)[O-])[C@@H](O)[C@@H]1F,*CCCCCCO,O=[P@H]([O-])OC[C@H]1O[C@@H](CCCCCCO)[C@@H](F)[C@@H]1O
563,*C(=O)COC,*c1ccccn1,COCC(=O)c1ccccn1
564,*CCOCCOCCOCCOCC,*c1ccccn1,CCOCCOCCOCCOCCc1ccccn1
565,*C=O,*NC,CNC=O
566,*CCOCCOCCOCCOCCOCCO,*CCOCCO,OCCOCCCCOCCOCCOCCOCCOCCO
567,*n1c(Cl)nc2c(=O)[nH]c(N)nc21,*c1sc2cc(C)ccc2[n+]1C,Cc1ccc2c(c1)sc(-n1c(Cl)nc3c(=O)[nH]c(N)nc31)[n+]2C
568,*CCOCCOCCOCCOCC,*Nc1ccccc1,CCOCCOCCOCCOCCNc1ccccc1
569,*[C@@H]1CC(O)=C(CO[P@@H](=O)[O-])O1,*NC,CN[C@@H]1CC(O)=C(CO[P@@H](=O)[O-])O1
570,*CCOCCOCCOCCOCCOCCO,*CCOCCOCC,CCOCCOCCCCOCCOCCOCCOCCOCCO
571,*C(=O)[C@@H](N)Cc1ccccc1,*c1ccc(N(C)C)cc1,CN(C)c1ccc(C(=O)[C@@H](N)Cc2ccccc2)cc1
572,*N(C)C,*CCOCCOCCOCCOCCOCCOCCO,CN(C)CCOCCOCCOCCOCCOCCOCCO
573,*N1CCO[C@H](C)C1,*n1cccn1,C[C@@H]1CN(n2cccn2)CCO1
574,*c1ccc(N(C)C)cc1,*c1ccccn1,CN(C)c1ccc(-c2ccccn2)cc1
575,*CCOCCOCC,*CCOCCOCCOCCOCCOCCOCCO,CCOCCOCCCCOCCOCCOCCOCCOCCOCCO
576,*C(=O)[C@@H](N)C[C@@H](N)Cc1ccccc1,*c1sc2cc(C)ccc2[n+]1C,Cc1ccc2c(c1)sc(C(=O)[C@@H](N)C[C@@H](N)Cc1ccccc1)[n+]2C
577,*CCO,*c1c(NCCCCCCO)c(=O)c1=O,O=c1c(CCO)c(NCCCCCCO)c1=O
578,*CCOCCOCCOCC,*[C@@H]1CC(O)=C(CO[P@@H](=O)[O-])O1,CCOCCOCCOCC[C@@H]1CC(O)=C(CO[P@@H](=O)[O-])O1
579,*OC,*O,COO
580,*[C@@H]1CC(O)=C(CO[P@@H](=O)[O-])O1,*n1c2c([n+](CCOC)c1C)C(=O)c1ccccc1C2=O,COCC[n+]1c2c(n([C@@H]3CC(O)=C(CO[P@@H](=O)[O-])O3)c1C)C(=O)c1ccccc1C2=O
581,*C(C)=O,*C(=O)c1cc(-c2ccccn2)cc(C(F)(F)F)c1,CC(=O)C(=O)c1cc(-c2ccccn2)cc(C(F)(F)F)c1
582,*C(=O)[C@@H](N)C[C@@H](N)Cc1ccccc1,*n1cnc2c(N)ncnc21,Nc1ncnc2c1ncn2C(=O)[C@@H](N)C[C@@H](N)Cc1ccccc1
583,*c1ccc(N(C)C)cc1,*Nc1ccccc1,CN(C)c1ccc(Nc2ccccc2)cc1
584,*c1cccc(C)c1C,*CCOCCOCCOCCOCCOCCO,Cc1cccc(CCOCCOCCOCCOCCOCCO)c1C
585,*C(=O)c1ccccc1Nc1cccc(C)c1C,*Cc1cnccn1,Cc1cccc(Nc2ccccc2C(=O)Cc2cnccn2)c1C
586,*c1ccccn1,*C(=O)c1ccccc1Nc1cccc(C)c1C,Cc1cccc(Nc2ccccc2C(=O)c2ccccn2)c1C
587,*CCOCCOCCOCCOCCOCCOCCO,*c1sc2cc(C)ccc2[n+]1C,Cc1ccc2c(c1)sc(CCOCCOCCOCCOCCOCCOCCO)[n+]2C
588,*c1cccc(NC(=O)c2cc(-c3nnn[nH]3)cc(C(F)(F)F)c2)c1,*CCO,O=C(Nc1cccc(CCO)c1)c1cc(-c2nnn[nH]2)cc(C(F)(F)F)c1
589,*c1cccc(C)c1C,*CCNc1c(NCCCCCCO)c(=O)c1=O,Cc1cccc(CCNc2c(NCCCCCCO)c(=O)c2=O)c1C
590,*C=O,*c1cccc(NC(=O)c2cc(-c3ccccn3)cc(C(F)(F)F)c2)c1,O=Cc1cccc(NC(=O)c2cc(-c3ccccn3)cc(C(F)(F)F)c2)c1
591,*Cc1cnccn1,*CC[C@@H](N)C(=O)[O-],N[C@H](CCCc1cnccn1)C(=O)[O-]
592,*NCc1nc2ccccc2[nH]1,*CCOC,COCCNCc1nc2ccccc2[nH]1
593,*C(=O)c1cc(-c2nnn[nH]2)cc(C(F)(F)F)c1,*CCOCCOCCOCCO,O=C(CCOCCOCCOCCO)c1cc(-c2nnn[nH]2)cc(C(F)(F)F)c1
594,*n1c[n+](Cc2ccccc2)c2c(=O)[nH]c(N)nc21,*NCc1nc2ccccc2[nH]1,Nc1nc2c(c(=O)[nH]1)[n+](Cc1ccccc1)cn2NCc1nc2ccccc2[nH]1
595,*N1CCCCCC1,*C(=O)c1cc(-c2nnn[nH]2)cc(C(F)(F)F)c1,O=C(c1cc(-c2nnn[nH]2)cc(C(F)(F)F)c1)N1CCCCCC1
596,*CCOCCOCCOCC,*CCOCCOCCOCCO,CCOCCOCCOCCCCOCCOCCOCCO
597,*C=O,*[C@H]1C[C@H](O)[C@@H](CO[P@@H](=O)[O-])O1,O=C[C@H]1C[C@H](O)[C@@H](CO[P@@H](=O)[O-])O1
598,*CCOCCO,*CCOCCOCCOCCOC,COCCOCCOCCOCCCCOCCO
599,*CCOCCOC,*CCOCCOCC,CCOCCOCCCCOCCOC
600,*N1CCCCCC1,*CCNc1c(NCCCCCCO)c(=O)c1=O,O=c1c(NCCCCCCO)c(NCCN2CCCCCC2)c1=O
601,*C(=O)[C@@H](N)Cc1ccccc1,*[C@H]1C[C@H](O)[C@@H](CO[P@H](=O)[O-])O1,N[C@@H](Cc1ccccc1)C(=O)[C@H]1C[C@H](O)[C@@H](CO[P@H](=O)[O-])O1
602,*C=O,*c1c(NCCCCCCO)c(=O)c1=O,O=Cc1c(NCCCCCCO)c(=O)c1=O
603,*n1cccn1,*C(=O)[C@@H](N)Cc1ccccc1,N[C@@H](Cc1ccccc1)C(=O)n1cccn1
604,*CCOCCOCCOCCOCCOCC,*C(=O)c1ccccc1[SeH],CCOCCOCCOCCOCCOCCC(=O)c1ccccc1[SeH]
605,*OC,*c1ccccn1,COc1ccccn1
606,*Cc1cnccn1,*C(=O)c1cc(-n2cccn2)cc(C(F)(F)F)c1,O=C(Cc1cnccn1)c1cc(-n2cccn2)cc(C(F)(F)F)c1
607,*c1cccc(C)c1C,*CCOCCOCCOCCOCCO,Cc1cccc(CCOCCOCCOCCOCCO)c1C
608,*C(=O)c1cc(-c2nnn[nH]2)cc(C(F)(F)F)c1,*CCNCCO,O=C(CCNCCO)c1cc(-c2nnn[nH]2)cc(C(F)(F)F)c1
609,*C(C)=O,*c1nnn[nH]1,CC(=O)c1nnn[nH]1
610,*n1cnc2c(N)nccc21,*C(=O)c1cc(-c2nnn[nH]2)cc(C(F)(F)F)c1,Nc1nccc2c1ncn2C(=O)c1cc(-c2nnn[nH]2)cc(C(F)(F)F)c1
611,*CCOCCOCCOCCOCCOCCOCCO,*c1ccccc1C(=O)O,O=C(O)c1ccccc1CCOCCOCCOCCOCCOCCOCCO
612,*C=O,*n1c2c([n+](CCOC)c1C)C(=O)c1ccccc1C2=O,COCC[n+]1c2c(n(C=O)c1C)C(=O)c1ccccc1C2=O
613,*CCOCC,*c1c(NCCOCCO)c(=O)c1=O,CCOCCc1c(NCCOCCO)c(=O)c1=O
614,*CCOCCOCCOCCO,*C=O,O=CCCOCCOCCOCCO
615,*CCOCCOCCOCC,*NC,CCOCCOCCOCCNC
616,*C(=O)COC,*[C@H]1C[C@H](O)[C@@H](CO[P@@H](=O)[O-])O1,COCC(=O)[C@H]1C[C@H](O)[C@@H](CO[P@@H](=O)[O-])O1
617,*n1cnc2c(N)nccc21,*c1nnn[nH]1,Nc1nccc2c1ncn2-c1nnn[nH]1
618,*CCOCCOCC,*c1c(NCCOCCO)c(=O)c1=O,CCOCCOCCc1c(NCCOCCO)c(=O)c1=O
619,*NCc1nc2ccccc2[nH]1,*CCO,OCCNCc1nc2ccccc2[nH]1
620,*CCOCCOCCOCCOCCOCC,*n1c[n+](Cc2ccccc2)c2c(=O)[nH]c(N)nc21,CCOCCOCCOCCOCCOCCn1c[n+](Cc2ccccc2)c2c(=O)[nH]c(N)nc21
621,*OC,*[C@H]1C[C@H](O)[C@@H](CO[P@H](=O)[O-])O1,CO[C@H]1C[C@H](O)[C@@H](CO[P@H](=O)[O-])O1
622,*CCOC,*CC[C@@H](N)C(=O)[O-],COCCCC[C@@H](N)C(=O)[O-]
623,*Nc1ccccc1,*CCOCCOCCOCCOCCOCCO,OCCOCCOCCOCCOCCOCCNc1ccccc1
624,*CCOCCOCCOCC,*C(=O)c1ccccc1Nc1cccc(C)c1C,CCOCCOCCOCCC(=O)c1ccccc1Nc1cccc(C)c1C
625,*C(=O)c1cc(-n2cccn2)cc(C(F)(F)F)c1,*c1ccccc1C(=O)O,O=C(O)c1ccccc1C(=O)c1cc(-n2cccn2)cc(C(F)(F)F)c1
626,*CCO,*C(=O)c1ccccc1Nc1cccc(C)c1C,Cc1cccc(Nc2ccccc2C(=O)CCO)c1C
627,*CCCCCCO,*C(=O)c1cc(-c2nnn[nH]2)cc(C(F)(F)F)c1,O=C(CCCCCCO)c1cc(-c2nnn[nH]2)cc(C(F)(F)F)c1
628,*CCOCCO,*C=O,O=CCCOCCO
629,*C(=O)[C@@H](N)C[C@@H](N)Cc1ccccc1,*CCOCCOCCOCC,CCOCCOCCOCCC(=O)[C@@H](N)C[C@@H](N)Cc1ccccc1
630,*Nc1ccccc1,*C(C)=O,CC(=O)Nc1ccccc1
631,*C(=O)c1ccccc1Nc1cccc(C)c1C,*C(=O)[C@@H](N)C[C@@H](N)Cc1ccccc1,Cc1cccc(Nc2ccccc2C(=O)C(=O)[C@@H](N)C[C@@H](N)Cc2ccccc2)c1C
632,*C(=O)c1ccccc1[SeH],*n1cnc2c(N)ncnc21,Nc1ncnc2c1ncn2C(=O)c1ccccc1[SeH]
633,*C(=O)c1ccccc1[SeH],*c1sc2cc(C)ccc2[n+]1C,Cc1ccc2c(c1)sc(C(=O)c1ccccc1[SeH])[n+]2C
634,*CCCCCCO,*Nc1ccccc1,OCCCCCCNc1ccccc1
635,*n1c2c([n+](CCOC)c1C)C(=O)c1ccccc1C2=O,*CC[C@@H](N)C(=O)[O-],COCC[n+]1c2c(n(CC[C@@H](N)C(=O)[O-])c1C)C(=O)c1ccccc1C2=O
636,*CCCCCCO,*CCOCCO,OCCCCCCCCOCCO
637,*n1cccn1,*CCOCCOCCOCCOCCOCCOCCO,OCCOCCOCCOCCOCCOCCOCCn1cccn1
638,*CCS,*[C@@H]1O[C@H](CO[P@H](=O)[O-])[C@@H](O)[C@@H]1F,O=[P@H]([O-])OC[C@H]1O[C@@H](CCS)[C@@H](F)[C@@H]1O
639,*CCOCCOCCOCCOCCO,*C(=O)c1ccc(S)cc1,O=C(CCOCCOCCOCCOCCO)c1ccc(S)cc1
640,*OC,*CCOCCOCCO,COCCOCCOCCO
641,*n1c2c([n+](CCOC)c1C)C(=O)c1ccccc1C2=O,*CCCCCCO,COCC[n+]1c2c(n(CCCCCCO)c1C)C(=O)c1ccccc1C2=O
642,*c1sc2cc(C)ccc2[n+]1C,*c1ccccc1C(=O)O,Cc1ccc2c(c1)sc(-c1ccccc1C(=O)O)[n+]2C
643,*CCNCCO,*CCOCCOCC,CCOCCOCCCCNCCO
644,*CCOCC,*CCO,CCOCCCCO
645,*[C@@H]1O[C@H](CO[P@H](=O)[O-])[C@@H](O)[C@@H]1F,*n1cccn1,O=[P@H]([O-])OC[C@H]1O[C@@H](n2cccn2)[C@@H](F)[C@@H]1O
646,*c1cccc(C)c1C,*CCCCCCO,Cc1cccc(CCCCCCO)c1C
647,*C(=O)COC,*[C@@H]1O[C@H](CO[P@H](=O)[O-])[C@@H](O)[C@@H]1F,COCC(=O)[C@@H]1O[C@H](CO[P@H](=O)[O-])[C@@H](O)[C@@H]1F
648,*CCO,*C=O,O=CCCO
649,*n1c[n+](Cc2ccccc2)c2c(=O)[nH]c(N)nc21,*N(C)C,CN(C)n1c[n+](Cc2ccccc2)c2c(=O)[nH]c(N)nc21
650,*NCc1nc2ccccc2[nH]1,*N1C=CCC(C(N)=O)=C1,NC(=O)C1=CN(NCc2nc3ccccc3[nH]2)C=CC1
651,*C=O,*CC[C@@H](N)C(=O)[O-],N[C@H](CCC=O)C(=O)[O-]
652,*[C@H]1C[C@H](O)[C@@H](CO[P@H](=O)[O-])O1,*CCOCCOCCOCCOCCOCC,CCOCCOCCOCCOCCOCC[C@H]1C[C@H](O)[C@@H](CO[P@H](=O)[O-])O1
653,*CCCCCCO,*c1sc2cc(C)ccc2[n+]1C,Cc1ccc2c(c1)sc(CCCCCCO)[n+]2C
654,*n1cccn1,*Cc1cnccn1,c1cnn(Cc2cnccn2)c1
655,*c1ccccn1,*CCOCC,CCOCCc1ccccn1
656,*C(=O)c1ccc(S)cc1,*CCOCCOCCOCCOCCOCCOCCO,O=C(CCOCCOCCOCCOCCOCCOCCO)c1ccc(S)cc1
657,*n1cccn1,*C(=O)COC,COCC(=O)n1cccn1
658,*NC,*CCOCCOCCOCCOCCO,CNCCOCCOCCOCCOCCO
659,*O,*CCOCCOCCOCCO,OCCOCCOCCOCCO
660,*n1cnc2c(N)nccc21,*C(=O)[C@@H](N)C[C@@H](N)Cc1ccccc1,Nc1nccc2c1ncn2C(=O)[C@@H](N)C[C@@H](N)Cc1ccccc1
661,*NC,*CCOCCOCCO,CNCCOCCOCCO
662,*CCNc1c(NCCCCCCO)c(=O)c1=O,*CCOCCOCCOC,COCCOCCOCCCCNc1c(NCCCCCCO)c(=O)c1=O
663,*C=O,*[C@@H]1O[C@H](CO[P@H](=O)[O-])[C@@H](O)[C@@H]1F,O=C[C@@H]1O[C@H](CO[P@H](=O)[O-])[C@@H](O)[C@@H]1F
664,*C=O,*c1cc2ccccc2c(N=C(N)c2nc(C)cc(C)n2)n1,Cc1cc(C)nc(C(N)=Nc2nc(C=O)cc3ccccc23)n1
665,*CCOCCOCCOCCOCCOCCO,*C(=O)COC,COCC(=O)CCOCCOCCOCCOCCOCCO
666,*N(C)C,*n1c2c([n+](CCOC)c1C)C(=O)c1ccccc1C2=O,COCC[n+]1c2c(n(N(C)C)c1C)C(=O)c1ccccc1C2=O
667,*[C@@H]1CC(O)=C(CO[P@@H](=O)[O-])O1,*C(=O)c1ccccc1Nc1cccc(C)c1C,Cc1cccc(Nc2ccccc2C(=O)[C@@H]2CC(O)=C(CO[P@@H](=O)[O-])O2)c1C
668,*CCOCC,*C(=O)c1ccnc2[nH]c(O)nc12,CCOCCC(=O)c1ccnc2[nH]c(O)nc12
669,*CCOCCOCCOCC,*c1c(NCCOCCO)c(=O)c1=O,CCOCCOCCOCCc1c(NCCOCCO)c(=O)c1=O
670,*c1ccc(N(C)C)cc1,*n1cnc2c(N)nccc21,CN(C)c1ccc(-n2cnc3c(N)nccc32)cc1
671,*CCOC,*CCOCCOCCOCCO,COCCCCOCCOCCOCCO
672,*c1cc2ccccc2c(N=C(N)c2nc(C)cc(C)n2)n1,*CCNCCO,Cc1cc(C)nc(C(N)=Nc2nc(CCNCCO)cc3ccccc23)n1
673,*c1c(NCCOCCO)c(=O)c1=O,*C=O,O=Cc1c(NCCOCCO)c(=O)c1=O
674,*n1cc(C(=O)[O-])c(N)nc1=O,*C(=O)c1ccc(S)cc1,Nc1nc(=O)n(C(=O)c2ccc(S)cc2)cc1C(=O)[O-]
675,*n1cnc2c(N)nccc21,*CCOCCO,Nc1nccc2c1ncn2CCOCCO
676,*n1cnc2c(N)ncnc21,*c1nnn[nH]1,Nc1ncnc2c1ncn2-c1nnn[nH]1
677,*N1C=CCC(C(N)=O)=C1,*Nc1cccc(-c2nnn[nH]2)c1,NC(=O)C1=CN(Nc2cccc(-c3nnn[nH]3)c2)C=CC1
678,*CCOCCOCCOCCOCCOCC,*n1cccn1,CCOCCOCCOCCOCCOCCn1cccn1
679,*CCOCCOCCOCCOCCOCC,*c1ccccn1,CCOCCOCCOCCOCCOCCc1ccccn1
680,*CCOCCOCCO,*CCOCC,CCOCCCCOCCOCCO
681,*CCO,*CCOCCOC,COCCOCCCCO
682,*c1nc(N)[nH]c(=O)c1NC=O,*CCCCCCO,Nc1nc(CCCCCCO)c(NC=O)c(=O)[nH]1
683,*N(C)C,*CCOCCOCC,CCOCCOCCN(C)C
684,*c1cccc(C)c1C,*C(=O)c1ccc(S)cc1,Cc1cccc(C(=O)c2ccc(S)cc2)c1C
685,*CCOC,*n1c[n+](Cc2ccccc2)c2c(=O)[nH]c(N)nc21,COCCn1c[n+](Cc2ccccc2)c2c(=O)[nH]c(N)nc21
686,*c1nc(N)[nH]c(=O)c1NC=O,*c1ccccc1C(=O)O,Nc1nc(-c2ccccc2C(=O)O)c(NC=O)c(=O)[nH]1
687,*n1c2c([n+](CCOC)c1C)C(=O)c1ccccc1C2=O,*N[C@H]1CO[C@H](CO)[C@@H](O)[C@@H]1O,COCC[n+]1c2c(n(N[C@H]3CO[C@H](CO)[C@@H](O)[C@@H]3O)c1C)C(=O)c1ccccc1C2=O
688,*O,*n1cnc2c(N)ncnc21,Nc1ncnc2c1ncn2O
689,*CCOCCOCCOCCOCCOCC,*c1cccc(C)c1C,CCOCCOCCOCCOCCOCCc1cccc(C)c1C
690,*[C@H]1C[C@H](O)[C@@H](CO[P@@H](=O)[O-])O1,*CCOCCOC,COCCOCC[C@H]1C[C@H](O)[C@@H](CO[P@@H](=O)[O-])O1
691,*c1c(NCCCCCCO)c(=O)c1=O,*n1cccn1,O=c1c(NCCCCCCO)c(-n2cccn2)c1=O
692,*CCOCCOCCOCC,*CCOCCOCCOCCOCCOCCO,CCOCCOCCOCCCCOCCOCCOCCOCCOCCO
693,*[C@H]1C[C@H](O)[C@@H](CO[P@H](=O)[O-])O1,*C(=O)c1ccc(S)cc1,O=C(c1ccc(S)cc1)[C@H]1C[C@H](O)[C@@H](CO[P@H](=O)[O-])O1
694,*CCOCCO,*[C@@H]1O[C@H](CO[P@H](=O)[O-])[C@@H](O)[C@@H]1F,O=[P@H]([O-])OC[C@H]1O[C@@H](CCOCCO)[C@@H](F)[C@@H]1O
695,*N1CCCCCC1,*CCOCCOCCOCCOCCOCCO,OCCOCCOCCOCCOCCOCCN1CCCCCC1
696,*N(C)C,*c1sc2cc(C)ccc2[n+]1C,Cc1ccc2c(c1)sc(N(C)C)[n+]2C
697,*CCO,*CCOCCOCCOCCOCCOCCOCC,CCOCCOCCOCCOCCOCCOCCCCO
698,*C(=O)c1ccccc1[SeH],*N1C=CCC(C(N)=O)=C1,NC(=O)C1=CN(C(=O)c2ccccc2[SeH])C=CC1
699,*n1c(Cl)nc2c(=O)[nH]c(N)nc21,*n1cccn1,Nc1nc2c(nc(Cl)n2-n2cccn2)c(=O)[nH]1
700,*CCOC,*CCOCCOCCO,COCCCCOCCOCCO
701,*NCc1nc2ccccc2[nH]1,*c1cc2ccccc2c(N=C(N)c2nc(C)cc(C)n2)n1,Cc1cc(C)nc(C(N)=Nc2nc(NCc3nc4ccccc4[nH]3)cc3ccccc23)n1
702,*n1cnc2c(N)ncnc21,*C(=O)c1cc(-n2cccn2)cc(C(F)(F)F)c1,Nc1ncnc2c1ncn2C(=O)c1cc(-n2cccn2)cc(C(F)(F)F)c1
703,*c1cc2ccccc2c(N=C(N)c2nc(C)cc(C)n2)n1,*CCCCCCO,Cc1cc(C)nc(C(N)=Nc2nc(CCCCCCO)cc3ccccc23)n1
704,*C(C)=O,*CCOCCOC,COCCOCCC(C)=O
705,*n1cnc2c(N)nccc21,*Cc1cnccn1,Nc1nccc2c1ncn2Cc1cnccn1
706,*c1ccccc1C(=O)O,*CCOCCOCCOCCOCCOCCOCC,CCOCCOCCOCCOCCOCCOCCc1ccccc1C(=O)O
707,*CCOCCOCCOCCOCCOCCO,*c1ccc(N(C)C)cc1,CN(C)c1ccc(CCOCCOCCOCCOCCOCCO)cc1
708,*n1cnc2c(N)nccc21,*CCOCC,CCOCCn1cnc2c(N)nccc21
709,*NCc1nc2ccccc2[nH]1,*C(=O)COC,COCC(=O)NCc1nc2ccccc2[nH]1
710,*c1ccccn1,*c1ccccc1C(=O)O,O=C(O)c1ccccc1-c1ccccn1
711,*CCOCCOCCOCCOCCOCC,*C(=O)c1ccccc1Nc1cccc(C)c1C,CCOCCOCCOCCOCCOCCC(=O)c1ccccc1Nc1cccc(C)c1C
712,*CCNCCO,*CCNc1c(NCCCCCCO)c(=O)c1=O,O=c1c(NCCCCCCO)c(NCCCCNCCO)c1=O
713,*CCS,*c1c(NCCCCCCO)c(=O)c1=O,O=c1c(CCS)c(NCCCCCCO)c1=O
714,*[C@H]1C[C@H](O)[C@@H](CO[P@H](=O)[O-])O1,*CCOCCOCCOC,COCCOCCOCC[C@H]1C[C@H](O)[C@@H](CO[P@H](=O)[O-])O1
715,*CCOCCOCCOCC,*CCCCCCO,CCOCCOCCOCCCCCCCCO
716,*n1c[n+](Cc2ccccc2)c2c(=O)[nH]c(N)nc21,*CCOCCOCCOCC,CCOCCOCCOCCn1c[n+](Cc2ccccc2)c2c(=O)[nH]c(N)nc21
717,*CCOCCOCCOCCOCCO,*[C@H]1C[C@H](O)[C@@H](CO[P@H](=O)[O-])O1,O=[P@H]([O-])OC[C@H]1O[C@@H](CCOCCOCCOCCOCCO)C[C@@H]1O
718,*CCOCCOCCOCCOCCO,*CCOCCOCCOCCOCC,CCOCCOCCOCCOCCCCOCCOCCOCCOCCO
719,*[C@H]1C[C@H](O)[C@@H](CO[P@H](=O)[O-])O1,*C(=O)COC,COCC(=O)[C@H]1C[C@H](O)[C@@H](CO[P@H](=O)[O-])O1
720,*CCOCCOCCOCCOCCOCCOCCOCC,*CCCCCCO,CCOCCOCCOCCOCCOCCOCCOCCCCCCCCO
721,*c1c(NCCCCCCO)c(=O)c1=O,*CCNCCO,O=c1c(CCNCCO)c(NCCCCCCO)c1=O
722,*Nc1cccc(-c2nnn[nH]2)c1,*CCOCCOCCOCC,CCOCCOCCOCCNc1cccc(-c2nnn[nH]2)c1
723,*CCO,*n1cnc2c(N)ncnc21,Nc1ncnc2c1ncn2CCO
724,*Nc1cccc(-c2nnn[nH]2)c1,*c1ccccn1,c1ccc(Nc2cccc(-c3nnn[nH]3)c2)nc1
725,*c1cccc(NC(=O)c2cc(-n3cccn3)cc(C(F)(F)F)c2)c1,*CCOCCO,O=C(Nc1cccc(CCOCCO)c1)c1cc(-n2cccn2)cc(C(F)(F)F)c1
726,*[C@H]1C[C@H](O)[C@@H](CO[P@H](=O)[O-])O1,*CCS,O=[P@H]([O-])OC[C@H]1O[C@@H](CCS)C[C@@H]1O
727,*c1sc2cc(C)ccc2[n+]1C,*c1ccc(N(C)C)cc1,Cc1ccc2c(c1)sc(-c1ccc(N(C)C)cc1)[n+]2C
728,*n1cccn1,*CCOCCOCCOCCOCCOCCOCCOCC,CCOCCOCCOCCOCCOCCOCCOCCn1cccn1
729,*C(=O)c1ccccc1[SeH],*c1c(NCCOCCO)c(=O)c1=O,O=C(c1ccccc1[SeH])c1c(NCCOCCO)c(=O)c1=O
730,*CCOCCOCCOCCOCCOCC,*CCOCCOCCO,CCOCCOCCOCCOCCOCCCCOCCOCCO
731,*CCOCCOCCO,*CC[C@@H](N)C(=O)[O-],N[C@H](CCCCOCCOCCO)C(=O)[O-]
732,*C(=O)[C@@H](N)Cc1ccccc1,*C(C)=O,CC(=O)C(=O)[C@@H](N)Cc1ccccc1
733,*CCOCCOCCOCCOCCOCCOCCO,*CCOC,COCCCCOCCOCCOCCOCCOCCOCCO
734,*n1cnc2c(N)nccc21,*CCOCCOCCOCC,CCOCCOCCOCCn1cnc2c(N)nccc21
735,*C(C)=O,*CCOCCO,CC(=O)CCOCCO
736,*C(=O)c1ccc(S)cc1,*OC,COC(=O)c1ccc(S)cc1
737,*c1cc2ccccc2c(N=C(N)c2nc(C)cc(C)n2)n1,*CCOCCOCC,CCOCCOCCc1cc2ccccc2c(N=C(N)c2nc(C)cc(C)n2)n1
738,*c1ccccc1C(=O)O,*CCOCCOCCOCCOC,COCCOCCOCCOCCc1ccccc1C(=O)O
739,*N1C=CCC(C(N)=O)=C1,*CCNc1c(NCCCCCCO)c(=O)c1=O,NC(=O)C1=CN(CCNc2c(NCCCCCCO)c(=O)c2=O)C=CC1
740,*CCOCCOCCOCCOC,*CCOCCOCCOCCOCCO,COCCOCCOCCOCCCCOCCOCCOCCOCCO
741,*N1CCCCCC1,*Nc1ccccc1,c1ccc(NN2CCCCCC2)cc1
742,*Nc1ccccc1,*N1C=CCC(C(N)=O)=C1,NC(=O)C1=CN(Nc2ccccc2)C=CC1
743,*c1nnn[nH]1,*CCNCCO,OCCNCCc1nnn[nH]1
744,*N1CCCCCC1,*C(C)=O,CC(=O)N1CCCCCC1
745,*c1cccc(NC(=O)c2cc(-c3ccccn3)cc(C(F)(F)F)c2)c1,*n1cnc2c(N)ncnc21,Nc1ncnc2c1ncn2-c1cccc(NC(=O)c2cc(-c3ccccn3)cc(C(F)(F)F)c2)c1
746,*C(=O)c1cc(-n2cccn2)cc(C(F)(F)F)c1,*C(=O)c1cc(-c2nnn[nH]2)cc(C(F)(F)F)c1,O=C(C(=O)c1cc(-n2cccn2)cc(C(F)(F)F)c1)c1cc(-c2nnn[nH]2)cc(C(F)(F)F)c1
747,*CCOCCOCCOCCOCC,*CCOCCOCCOCC,CCOCCOCCOCCCCOCCOCCOCCOCC
748,*CCOCCO,*CCS,OCCOCCCCS
749,*c1nnn[nH]1,*n1c2c([n+](CCOC)c1C)C(=O)c1ccccc1C2=O,COCC[n+]1c2c(n(-c3nnn[nH]3)c1C)C(=O)c1ccccc1C2=O
750,*n1c(Cl)nc2c(=O)[nH]c(N)nc21,*OC,COn1c(Cl)nc2c(=O)[nH]c(N)nc21
751,*CCCCCCO,*CCS,OCCCCCCCCS
752,*N[C@H]1CO[C@H](CO)[C@@H](O)[C@@H]1O,*CCOCCOCCOCCOC,COCCOCCOCCOCCN[C@H]1CO[C@H](CO)[C@@H](O)[C@@H]1O
753,*CCOC,*CCNc1c(NCCCCCCO)c(=O)c1=O,COCCCCNc1c(NCCCCCCO)c(=O)c1=O
754,*CCOCCOCCOCCOCCO,*Cc1cnccn1,OCCOCCOCCOCCOCCCc1cnccn1
755,*c1ccccc1C(=O)O,*c1c(NCCOCCO)c(=O)c1=O,O=C(O)c1ccccc1-c1c(NCCOCCO)c(=O)c1=O
756,*c1nnn[nH]1,*CCOCCOCCOCCOCCOCC,CCOCCOCCOCCOCCOCCc1nnn[nH]1
757,*c1ccccn1,*CCOCCOCCO,OCCOCCOCCc1ccccn1
758,*c1ccc(N(C)C)cc1,*C(=O)c1cc(-c2nnn[nH]2)cc(C(F)(F)F)c1,CN(C)c1ccc(C(=O)c2cc(-c3nnn[nH]3)cc(C(F)(F)F)c2)cc1
759,*CCOCCOCC,*[C@@H]1O[C@H](CO[P@H](=O)[O-])[C@@H](O)[C@@H]1F,CCOCCOCC[C@@H]1O[C@H](CO[P@H](=O)[O-])[C@@H](O)[C@@H]1F
760,*CCOCCOCCOCCOCCOCCOCC,*c1sc2cc(C)ccc2[n+]1C,CCOCCOCCOCCOCCOCCOCCc1sc2cc(C)ccc2[n+]1C
761,*CCOCCOCCOCCOCCO,*CCOCCOCCOC,COCCOCCOCCCCOCCOCCOCCOCCO
762,*CCOCCOCCOCCOCCOCCO,*c1c(NCCCCCCO)c(=O)c1=O,O=c1c(CCOCCOCCOCCOCCOCCO)c(NCCCCCCO)c1=O
763,*CCS,*n1c2c([n+](CCOC)c1C)C(=O)c1ccccc1C2=O,COCC[n+]1c2c(n(CCS)c1C)C(=O)c1ccccc1C2=O
764,*CCOCCOCCOCCOCCOCC,*C(=O)c1ccnc2[nH]c(O)nc12,CCOCCOCCOCCOCCOCCC(=O)c1ccnc2[nH]c(O)nc12
765,*c1c(NCCCCCCO)c(=O)c1=O,*CCOCCOCCOCCOCCOCCOCC,CCOCCOCCOCCOCCOCCOCCc1c(NCCCCCCO)c(=O)c1=O
766,*CCOCC,*c1c(NCCCCCCO)c(=O)c1=O,CCOCCc1c(NCCCCCCO)c(=O)c1=O
767,*CCOCCOCCO,*CCOCCOCCOCCOCCOCCOCCOCC,CCOCCOCCOCCOCCOCCOCCOCCCCOCCOCCO
768,*n1c[n+](Cc2ccccc2)c2c(=O)[nH]c(N)nc21,*CCOCCOCCOC,COCCOCCOCCn1c[n+](Cc2ccccc2)c2c(=O)[nH]c(N)nc21
769,*NCc1nc2ccccc2[nH]1,*[C@@H]1CC(O)=C(CO[P@@H](=O)[O-])O1,O=[P@@H]([O-])OCC1=C(O)C[C@@H](NCc2nc3ccccc3[nH]2)O1
770,*N1CCO[C@H](C)C1,*Nc1cccc(-c2nnn[nH]2)c1,C[C@@H]1CN(Nc2cccc(-c3nnn[nH]3)c2)CCO1
771,*C(=O)c1cc(-c2ccccn2)cc(C(F)(F)F)c1,*CCOC,COCCC(=O)c1cc(-c2ccccn2)cc(C(F)(F)F)c1
772,*NCc1nc2ccccc2[nH]1,*CCOCCOCCOCCO,OCCOCCOCCOCCNCc1nc2ccccc2[nH]1
773,*N[C@H]1CO[C@H](CO)[C@@H](O)[C@@H]1O,*N1C=CCC(C(N)=O)=C1,NC(=O)C1=CN(N[C@H]2CO[C@H](CO)[C@@H](O)[C@@H]2O)C=CC1
774,*CCS,*N(C)C,CN(C)CCS
775,*n1cccn1,*Nc1cccc(-c2nnn[nH]2)c1,c1cc(Nn2cccn2)cc(-c2nnn[nH]2)c1
776,*c1cccc(C)c1C,*N1CCCCCC1,Cc1cccc(N2CCCCCC2)c1C
777,*CCOCCOCC,*c1cc(C(=O)Nc2cccc(-c3nnn[nH]3)c2)cc(C(F)(F)F)c1,CCOCCOCCc1cc(C(=O)Nc2cccc(-c3nnn[nH]3)c2)cc(C(F)(F)F)c1
778,*CCCCCCO,*C(=O)COC,COCC(=O)CCCCCCO
779,*n1c(Cl)nc2c(=O)[nH]c(N)nc21,*Cc1cnccn1,Nc1nc2c(nc(Cl)n2Cc2cnccn2)c(=O)[nH]1
780,*[C@@H]1CC(O)=C(CO[P@@H](=O)[O-])O1,*C(=O)c1ccc(S)cc1,O=C(c1ccc(S)cc1)[C@@H]1CC(O)=C(CO[P@@H](=O)[O-])O1
781,*O,*c1ccccn1,Oc1ccccn1
782,*C(=O)c1ccccc1[SeH],*C(=O)COC,COCC(=O)C(=O)c1ccccc1[SeH]
783,*[C@H]1C[C@H](O)[C@@H](CO[P@@H](=O)[O-])O1,*n1cnc2c(N)nccc21,Nc1nccc2c1ncn2[C@H]1C[C@H](O)[C@@H](CO[P@@H](=O)[O-])O1
784,*N(C)C,*CCOCCOCCOCCOCCOCCO,CN(C)CCOCCOCCOCCOCCOCCO
785,*N1CCO[C@H](C)C1,*CCNCCO,C[C@@H]1CN(CCNCCO)CCO1
786,*n1c(Cl)nc2c(=O)[nH]c(N)nc21,*CCOCCOCCOCCOCCOCC,CCOCCOCCOCCOCCOCCn1c(Cl)nc2c(=O)[nH]c(N)nc21
787,*[C@H]1C[C@H](O)[C@@H](CO[P@@H](=O)[O-])O1,*N1CCCCCC1,O=[P@@H]([O-])OC[C@H]1O[C@@H](N2CCCCCC2)C[C@@H]1O
788,*CCOCCOCCOCC,*c1nnn[nH]1,CCOCCOCCOCCc1nnn[nH]1
789,*CC[C@@H](N)C(=O)[O-],*n1cnc2c(N)ncnc21,Nc1ncnc2c1ncn2CC[C@@H](N)C(=O)[O-]
790,*n1c2c([n+](CCOC)c1C)C(=O)c1ccccc1C2=O,*c1cccc(C)c1C,COCC[n+]1c2c(n(-c3cccc(C)c3C)c1C)C(=O)c1ccccc1C2=O
791,*[C@@H]1CC(O)=C(CO[P@@H](=O)[O-])O1,*CCOCCOCCOCCOCCO,O=[P@@H]([O-])OCC1=C(O)C[C@@H](CCOCCOCCOCCOCCO)O1
792,*CCOCCOCCOCCOCC,*C(=O)c1ccnc2[nH]c(O)nc12,CCOCCOCCOCCOCCC(=O)c1ccnc2[nH]c(O)nc12
793,*CC[C@@H](N)C(=O)[O-],*c1ccccn1,N[C@H](CCc1ccccn1)C(=O)[O-]
794,*c1nnn[nH]1,*c1c(NCCOCCO)c(=O)c1=O,O=c1c(NCCOCCO)c(-c2nnn[nH]2)c1=O
795,*N[C@H]1CO[C@H](CO)[C@@H](O)[C@@H]1O,*CCOCCOCCO,OCCOCCOCCN[C@H]1CO[C@H](CO)[C@@H](O)[C@@H]1O
796,*c1cccc(C)c1C,*CCOCC,CCOCCc1cccc(C)c1C
797,*CCOCCOCCOCCOCCOCC,*OC,CCOCCOCCOCCOCCOCCOC
798,*C(=O)c1ccccc1Nc1cccc(C)c1C,*C(=O)COC,COCC(=O)C(=O)c1ccccc1Nc1cccc(C)c1C
799,*CCOCCOCCOCCOCCOCCO,*CCOCCOCCOCCO,OCCOCCOCCOCCCCOCCOCCOCCOCCOCCO
800,*CCOCCOCC,*C(C)=O,CCOCCOCCC(C)=O
801,*N1C=CCC(C(N)=O)=C1,*[C@H]1C[C@H](O)[C@@H](CO[P@H](=O)[O-])O1,NC(=O)C1=CN([C@H]2C[C@H](O)[C@@H](CO[P@H](=O)[O-])O2)C=CC1
802,*n1cc(C(=O)[O-])c(N)nc1=O,*O,Nc1nc(=O)n(O)cc1C(=O)[O-]
803,*CCOCCOCCOC,*Cc1cnccn1,COCCOCCOCCCc1cnccn1
804,*CCOCCOCCO,*c1cccc(NC(=O)c2cc(-c3ccccn3)cc(C(F)(F)F)c2)c1,O=C(Nc1cccc(CCOCCOCCO)c1)c1cc(-c2ccccn2)cc(C(F)(F)F)c1
805,*C(=O)c1ccc(S)cc1,*[C@H]1C[C@H](O)[C@@H](CO[P@@H](=O)[O-])O1,O=C(c1ccc(S)cc1)[C@H]1C[C@H](O)[C@@H](CO[P@@H](=O)[O-])O1
806,*c1cccc(NC(=O)c2cc(-c3nnn[nH]3)cc(C(F)(F)F)c2)c1,*c1ccccn1,O=C(Nc1cccc(-c2ccccn2)c1)c1cc(-c2nnn[nH]2)cc(C(F)(F)F)c1
807,*CCOCCO,*c1cccc(NC(=O)c2cc(-c3nnn[nH]3)cc(C(F)(F)F)c2)c1,O=C(Nc1cccc(CCOCCO)c1)c1cc(-c2nnn[nH]2)cc(C(F)(F)F)c1
808,*C=O,*CCOCCOCCOCCOCC,CCOCCOCCOCCOCCC=O
809,*c1ccccn1,*CCCCCCO,OCCCCCCc1ccccn1
810,*CCOCC,*C(=O)c1cc(-n2cccn2)cc(C(F)(F)F)c1,CCOCCC(=O)c1cc(-n2cccn2)cc(C(F)(F)F)c1
811,*n1cnc2c(N)nccc21,*C(=O)[C@@H](N)Cc1ccccc1,Nc1nccc2c1ncn2C(=O)[C@@H](N)Cc1ccccc1
812,*CCS,*C(=O)c1ccnc2[nH]c(O)nc12,O=C(CCS)c1ccnc2[nH]c(O)nc12
813,*[C@@H]1O[C@H](CO[P@H](=O)[O-])[C@@H](O)[C@@H]1F,*Cc1cnccn1,O=[P@H]([O-])OC[C@H]1O[C@@H](Cc2cnccn2)[C@@H](F)[C@@H]1O
814,*C(=O)c1cc(-n2cccn2)cc(C(F)(F)F)c1,*n1cccn1,O=C(c1cc(-n2cccn2)cc(C(F)(F)F)c1)n1cccn1
815,*CCOCCOCCOCCO,*CCOCC,CCOCCCCOCCOCCOCCO
816,*CCOCC,*[C@@H]1CC(O)=C(CO[P@@H](=O)[O-])O1,CCOCC[C@@H]1CC(O)=C(CO[P@@H](=O)[O-])O1
817,*CCOC,*Nc1cccc(-c2nnn[nH]2)c1,COCCNc1cccc(-c2nnn[nH]2)c1
818,*c1ccc(N(C)C)cc1,*N(C)C,CN(C)c1ccc(N(C)C)cc1
819,*N1CCO[C@H](C)C1,*CCOCCOCCOCCOCCO,C[C@@H]1CN(CCOCCOCCOCCOCCO)CCO1
820,*N1CCCCCC1,*c1sc2cc(C)ccc2[n+]1C,Cc1ccc2c(c1)sc(N1CCCCCC1)[n+]2C
821,*C(=O)COC,*CCOCCO,COCC(=O)CCOCCO
822,*NC,*C(=O)c1ccccc1[SeH],CNC(=O)c1ccccc1[SeH]
823,*CCOCCOCCOCCOCCOCCOCCOCC,*CCOCCOCCOCC,CCOCCOCCOCCCCOCCOCCOCCOCCOCCOCCOCC
824,*C(=O)c1ccccc1Nc1cccc(C)c1C,*c1c(NCCCCCCO)c(=O)c1=O,Cc1cccc(Nc2ccccc2C(=O)c2c(NCCCCCCO)c(=O)c2=O)c1C
825,*CCO,*[C@@H]1CC(O)=C(CO[P@@H](=O)[O-])O1,O=[P@@H]([O-])OCC1=C(O)C[C@@H](CCO)O1
826,*c1sc2cc(C)ccc2[n+]1C,*CCOCCOC,COCCOCCc1sc2cc(C)ccc2[n+]1C
827,*c1ccccc1C(=O)O,*C(=O)c1ccc(S)cc1,O=C(O)c1ccccc1C(=O)c1ccc(S)cc1
828,*CCOCCOCCOCCOCC,*C(C)=O,CCOCCOCCOCCOCCC(C)=O
829,*C(=O)[C@@H](N)C[C@@H](N)Cc1ccccc1,*c1ccccn1,N[C@@H](Cc1ccccc1)C[C@H](N)C(=O)c1ccccn1
830,*N(C)C,*n1cnc2c(N)nccc21,CN(C)n1cnc2c(N)nccc21
831,*c1cc(C(=O)Nc2cccc(-c3nnn[nH]3)c2)cc(C(F)(F)F)c1,*N1CCO[C@H](C)C1,C[C@@H]1CN(c2cc(C(=O)Nc3cccc(-c4nnn[nH]4)c3)cc(C(F)(F)F)c2)CCO1
832,*c1c(NCCCCCCO)c(=O)c1=O,*OC,COc1c(NCCCCCCO)c(=O)c1=O
833,*CCOCCOCCOCCOCCOCCOCC,*CCOCCOCCOCCO,CCOCCOCCOCCOCCOCCOCCCCOCCOCCOCCO
834,*N(C)C,*C(=O)c1cc(-c2ccccn2)cc(C(F)(F)F)c1,CN(C)C(=O)c1cc(-c2ccccn2)cc(C(F)(F)F)c1
835,*NC,*CCNCCO,CNCCNCCO
836,*C(=O)COC,*c1sc2cc(C)ccc2[n+]1C,COCC(=O)c1sc2cc(C)ccc2[n+]1C
837,*C(=O)COC,*n1cc(C(=O)[O-])c(N)nc1=O,COCC(=O)n1cc(C(=O)[O-])c(N)nc1=O
838,*NC,*C(=O)COC,CNC(=O)COC
839,*CCNCCO,*C(=O)c1ccccc1[SeH],O=C(CCNCCO)c1ccccc1[SeH]
840,*C(=O)[C@@H](N)Cc1ccccc1,*CCOCCO,N[C@@H](Cc1ccccc1)C(=O)CCOCCO
841,*c1c(NCCCCCCO)c(=O)c1=O,*N1CCO[C@H](C)C1,C[C@@H]1CN(c2c(NCCCCCCO)c(=O)c2=O)CCO1
842,*C(=O)c1ccc(S)cc1,*C(=O)c1cc(-c2nnn[nH]2)cc(C(F)(F)F)c1,O=C(C(=O)c1cc(-c2nnn[nH]2)cc(C(F)(F)F)c1)c1ccc(S)cc1
843,*CCOCCOCC,*O,CCOCCOCCO
844,*N(C)C,*C(=O)c1ccnc2[nH]c(O)nc12,CN(C)C(=O)c1ccnc2[nH]c(O)nc12
845,*C(=O)c1ccccc1Nc1cccc(C)c1C,*n1cc(C(=O)[O-])c(N)nc1=O,Cc1cccc(Nc2ccccc2C(=O)n2cc(C(=O)[O-])c(N)nc2=O)c1C
846,*CCOCC,*CCOCCOCCOCCOCCOCCOCCO,CCOCCCCOCCOCCOCCOCCOCCOCCO
847,*C(=O)[C@@H](N)Cc1ccccc1,*c1cc2ccccc2c(N=C(N)c2nc(C)cc(C)n2)n1,Cc1cc(C)nc(C(N)=Nc2nc(C(=O)[C@@H](N)Cc3ccccc3)cc3ccccc23)n1
848,*CCCCCCO,*Nc1cccc(-c2nnn[nH]2)c1,OCCCCCCNc1cccc(-c2nnn[nH]2)c1
849,*CCOCCOCCOCCOCCO,*C(=O)COC,COCC(=O)CCOCCOCCOCCOCCO
850,*C=O,*CCOCCOCCOC,COCCOCCOCCC=O
851,*C(=O)c1ccnc2[nH]c(O)nc12,*C(=O)c1cc(-n2cccn2)cc(C(F)(F)F)c1,O=C(C(=O)c1ccnc2[nH]c(O)nc12)c1cc(-n2cccn2)cc(C(F)(F)F)c1
852,*C(=O)c1ccccc1[SeH],*CCOCCOCCOCCOCC,CCOCCOCCOCCOCCC(=O)c1ccccc1[SeH]
853,*CCS,*CCOCCOCC,CCOCCOCCCCS
854,*c1cccc(NC(=O)c2cc(-c3nnn[nH]3)cc(C(F)(F)F)c2)c1,*CCOCCOC,COCCOCCc1cccc(NC(=O)c2cc(-c3nnn[nH]3)cc(C(F)(F)F)c2)c1
855,*C(=O)c1ccc(S)cc1,*n1c2c([n+](CCOC)c1C)C(=O)c1ccccc1C2=O,COCC[n+]1c2c(n(C(=O)c3ccc(S)cc3)c1C)C(=O)c1ccccc1C2=O
856,*N(C)C,*CCOCCOCCOCCOCC,CCOCCOCCOCCOCCN(C)C
857,*CCOCCOCCOCCOCCOCC,*N1CCO[C@H](C)C1,CCOCCOCCOCCOCCOCCN1CCO[C@H](C)C1
858,*c1ccccn1,*CCOCCOCCOCCOCCOCCOCCOCC,CCOCCOCCOCCOCCOCCOCCOCCc1ccccn1
859,*CCOCCOCCOCC,*CCOCCOCCOCCOCCOCC,CCOCCOCCOCCCCOCCOCCOCCOCCOCC
860,*CCOCCOCCOCCOCCOCCOCC,*CCOCCOCCO,CCOCCOCCOCCOCCOCCOCCCCOCCOCCO
861,*C(=O)COC,*C(C)=O,COCC(=O)C(C)=O
862,*Nc1ccccc1,*C(=O)c1cc(-n2cccn2)cc(C(F)(F)F)c1,O=C(Nc1ccccc1)c1cc(-n2cccn2)cc(C(F)(F)F)c1
863,*CCOCCOCCOCC,*n1c2c([n+](CCOC)c1C)C(=O)c1ccccc1C2=O,CCOCCOCCOCCn1c2c([n+](CCOC)c1C)C(=O)c1ccccc1C2=O
864,*CCOCCOCCOC,*n1c2c([n+](CCOC)c1C)C(=O)c1ccccc1C2=O,COCCOCCOCCn1c2c([n+](CCOC)c1C)C(=O)c1ccccc1C2=O
865,*CCOCCOCCOC,*N1CCCCCC1,COCCOCCOCCN1CCCCCC1
866,*n1cccn1,*CCOCCOCC,CCOCCOCCn1cccn1
867,*c1c(NCCOCCO)c(=O)c1=O,*NCc1nc2ccccc2[nH]1,O=c1c(NCCOCCO)c(NCc2nc3ccccc3[nH]2)c1=O
868,*N1CCO[C@H](C)C1,*CCOCCOCCOC,COCCOCCOCCN1CCO[C@H](C)C1
869,*Nc1cccc(-c2nnn[nH]2)c1,*c1ccc(N(C)C)cc1,CN(C)c1ccc(Nc2cccc(-c3nnn[nH]3)c2)cc1
870,*C(=O)c1cc(-n2cccn2)cc(C(F)(F)F)c1,*c1sc2cc(C)ccc2[n+]1C,Cc1ccc2c(c1)sc(C(=O)c1cc(-n3cccn3)cc(C(F)(F)F)c1)[n+]2C
871,*[C@@H]1CC(O)=C(CO[P@@H](=O)[O-])O1,*CCOCCOC,COCCOCC[C@@H]1CC(O)=C(CO[P@@H](=O)[O-])O1
872,*CC[C@@H](N)C(=O)[O-],*CCOCCOCCOCCO,N[C@H](CCCCOCCOCCOCCO)C(=O)[O-]
873,*[C@H]1C[C@H](O)[C@@H](CO[P@H](=O)[O-])O1,*Nc1ccccc1,O=[P@H]([O-])OC[C@H]1O[C@@H](Nc2ccccc2)C[C@@H]1O
874,*C(=O)c1cc(-n2cccn2)cc(C(F)(F)F)c1,*CCOCCOCCOC,COCCOCCOCCC(=O)c1cc(-n2cccn2)cc(C(F)(F)F)c1
875,*CCO,*c1ccccc1C(=O)O,O=C(O)c1ccccc1CCO
876,*CCOCCOCCOCCOC,*[C@@H]1O[C@H](CO[P@H](=O)[O-])[C@@H](O)[C@@H]1F,COCCOCCOCCOCC[C@@H]1O[C@H](CO[P@H](=O)[O-])[C@@H](O)[C@@H]1F
877,*c1ccc(N(C)C)cc1,*c1ccc(NCCNCCO)c2c1C(=O)c1c(O)ccc(O)c1C2=O,CN(C)c1ccc(-c2ccc(NCCNCCO)c3c2C(=O)c2c(O)ccc(O)c2C3=O)cc1
878,*CCOCCOCCOCCOCCOCCOCC,*c1ccccn1,CCOCCOCCOCCOCCOCCOCCc1ccccn1
879,*CCOCCOCCOCCO,*n1cnc2c(N)ncnc21,Nc1ncnc2c1ncn2CCOCCOCCOCCO
880,*c1ccccn1,*c1c(NCCCCCCO)c(=O)c1=O,O=c1c(NCCCCCCO)c(-c2ccccn2)c1=O
881,*N1CCCCCC1,*[C@@H]1CC(O)=C(CO[P@@H](=O)[O-])O1,O=[P@@H]([O-])OCC1=C(O)C[C@@H](N2CCCCCC2)O1
882,*c1cccc(NC(=O)c2cc(-c3nnn[nH]3)cc(C(F)(F)F)c2)c1,*n1cccn1,O=C(Nc1cccc(-n2cccn2)c1)c1cc(-c2nnn[nH]2)cc(C(F)(F)F)c1
883,*[C@H]1C[C@H](O)[C@@H](CO[P@@H](=O)[O-])O1,*C(=O)[C@@H](N)Cc1ccccc1,N[C@@H](Cc1ccccc1)C(=O)[C@H]1C[C@H](O)[C@@H](CO[P@@H](=O)[O-])O1
884,*C(=O)[C@@H](N)Cc1ccccc1,*[C@@H]1CC(O)=C(CO[P@@H](=O)[O-])O1,N[C@@H](Cc1ccccc1)C(=O)[C@@H]1CC(O)=C(CO[P@@H](=O)[O-])O1
885,*C(=O)c1cc(-c2ccccn2)cc(C(F)(F)F)c1,*N1CCCCCC1,O=C(c1cc(-c2ccccn2)cc(C(F)(F)F)c1)N1CCCCCC1
886,*C(=O)[C@@H](N)Cc1ccccc1,*CCOCCOCCOCCOCCOCCO,N[C@@H](Cc1ccccc1)C(=O)CCOCCOCCOCCOCCOCCO
887,*CCOCCOCCO,*Cc1cnccn1,OCCOCCOCCCc1cnccn1
888,*CCNCCO,*CCOCCOCCOCCOCCOCC,CCOCCOCCOCCOCCOCCCCNCCO
889,*O,*c1cccc(NC(=O)c2cc(-n3cccn3)cc(C(F)(F)F)c2)c1,O=C(Nc1cccc(O)c1)c1cc(-n2cccn2)cc(C(F)(F)F)c1
890,*CCOCCOCCO,*c1ccc(N(C)C)cc1,CN(C)c1ccc(CCOCCOCCO)cc1
891,*C(=O)c1ccc(S)cc1,*C(=O)c1ccnc2[nH]c(O)nc12,O=C(C(=O)c1ccnc2[nH]c(O)nc12)c1ccc(S)cc1
892,*[C@@H]1O[C@H](CO[P@H](=O)[O-])[C@@H](O)[C@@H]1F,*N1CCO[C@H](C)C1,C[C@@H]1CN([C@@H]2O[C@H](CO[P@H](=O)[O-])[C@@H](O)[C@@H]2F)CCO1
893,*Nc1ccccc1,*n1c2c([n+](CCOC)c1C)C(=O)c1ccccc1C2=O,COCC[n+]1c2c(n(Nc3ccccc3)c1C)C(=O)c1ccccc1C2=O
894,*CCO,*c1nnn[nH]1,OCCc1nnn[nH]1
895,*c1ccccn1,*CCOCCOCCOCCO,OCCOCCOCCOCCc1ccccn1
896,*C(=O)COC,*c1c(NCCCCCCO)c(=O)c1=O,COCC(=O)c1c(NCCCCCCO)c(=O)c1=O
897,*C(=O)[C@@H](N)Cc1ccccc1,*C(=O)c1cc(-c2nnn[nH]2)cc(C(F)(F)F)c1,N[C@@H](Cc1ccccc1)C(=O)C(=O)c1cc(-c2nnn[nH]2)cc(C(F)(F)F)c1
898,*N1CCCCCC1,*n1c(Cl)nc2c(=O)[nH]c(N)nc21,Nc1nc2c(nc(Cl)n2N2CCCCCC2)c(=O)[nH]1
899,*N1CCCCCC1,*n1cnc2c(N)nccc21,Nc1nccc2c1ncn2N1CCCCCC1
900,*N1C=CCC(C(N)=O)=C1,*CC[C@@H](N)C(=O)[O-],NC(=O)C1=CN(CC[C@@H](N)C(=O)[O-])C=CC1
901,*CC[C@@H](N)C(=O)[O-],*CCOCCOCC,CCOCCOCCCC[C@@H](N)C(=O)[O-]
902,*C(=O)c1cc(-n2cccn2)cc(C(F)(F)F)c1,*CCOCCOCCOCCOCC,CCOCCOCCOCCOCCC(=O)c1cc(-n2cccn2)cc(C(F)(F)F)c1
903,*[C@@H]1CC(O)=C(CO[P@@H](=O)[O-])O1,*CCCCCCO,O=[P@@H]([O-])OCC1=C(O)C[C@@H](CCCCCCO)O1
904,*c1nnn[nH]1,*CCOC,COCCc1nnn[nH]1
905,*C(=O)[C@@H](N)Cc1ccccc1,*N1CCO[C@H](C)C1,C[C@@H]1CN(C(=O)[C@@H](N)Cc2ccccc2)CCO1
906,*CCOC,*NC,CNCCOC
907,*CCOCCOCCOC,*CCOCCO,COCCOCCOCCCCOCCO
908,*NC,*C(=O)c1cc(-n2cccn2)cc(C(F)(F)F)c1,CNC(=O)c1cc(-n2cccn2)cc(C(F)(F)F)c1
909,*CCOC,*[C@@H]1O[C@H](CO[P@H](=O)[O-])[C@@H](O)[C@@H]1F,COCC[C@@H]1O[C@H](CO[P@H](=O)[O-])[C@@H](O)[C@@H]1F
910,*CCCCCCO,*CCOCCOCCOCCOCCOCCO,OCCCCCCCCOCCOCCOCCOCCOCCO
911,*CCOCCOCCOCCO,*c1c(NCCCCCCO)c(=O)c1=O,O=c1c(CCOCCOCCOCCO)c(NCCCCCCO)c1=O
912,*n1cnc2c(N)nccc21,*CCNc1c(NCCCCCCO)c(=O)c1=O,Nc1nccc2c1ncn2CCNc1c(NCCCCCCO)c(=O)c1=O
913,*N1C=CCC(C(N)=O)=C1,*OC,CON1C=CCC(C(N)=O)=C1
914,*n1cnc2c(N)nccc21,*CCOCCOCCO,Nc1nccc2c1ncn2CCOCCOCCO
915,*c1ccc(N(C)C)cc1,*[C@@H]1CC(O)=C(CO[P@@H](=O)[O-])O1,CN(C)c1ccc([C@@H]2CC(O)=C(CO[P@@H](=O)[O-])O2)cc1
916,*CCOCC,*c1sc2cc(C)ccc2[n+]1C,CCOCCc1sc2cc(C)ccc2[n+]1C
917,*n1cc(C(=O)[O-])c(N)nc1=O,*CCOCCOC,COCCOCCn1cc(C(=O)[O-])c(N)nc1=O
918,*CCOCCOCCOCC,*c1cc(C(=O)Nc2cccc(-c3nnn[nH]3)c2)cc(C(F)(F)F)c1,CCOCCOCCOCCc1cc(C(=O)Nc2cccc(-c3nnn[nH]3)c2)cc(C(F)(F)F)c1
919,*C(C)=O,*c1cc(C(=O)Nc2cccc(-c3nnn[nH]3)c2)cc(C(F)(F)F)c1,CC(=O)c1cc(C(=O)Nc2cccc(-c3nnn[nH]3)c2)cc(C(F)(F)F)c1
920,*CCOCCOCCOCC,*OC,CCOCCOCCOCCOC
921,*c1ccccc1C(=O)O,*C(=O)[C@@H](N)C[C@@H](N)Cc1ccccc1,N[C@@H](Cc1ccccc1)C[C@H](N)C(=O)c1ccccc1C(=O)O
922,*CCOCCOCCOCCOCCO,*C=O,O=CCCOCCOCCOCCOCCO
923,*N1CCCCCC1,*CCOCCOC,COCCOCCN1CCCCCC1
924,*n1cnc2c(N)ncnc21,*CCOCCOCC,CCOCCOCCn1cnc2c(N)ncnc21
925,*Nc1cccc(-c2nnn[nH]2)c1,*CCNCCO,OCCNCCNc1cccc(-c2nnn[nH]2)c1
926,*c1nc(N)[nH]c(=O)c1NC=O,*c1cccc(C)c1C,Cc1cccc(-c2nc(N)[nH]c(=O)c2NC=O)c1C
927,*Cc1cnccn1,*CCS,SCCCc1cnccn1
928,*O,*[C@@H]1CC(O)=C(CO[P@@H](=O)[O-])O1,O=[P@@H]([O-])OCC1=C(O)C[C@@H](O)O1
929,*CCOCCO,*N1C=CCC(C(N)=O)=C1,NC(=O)C1=CN(CCOCCO)C=CC1
930,*c1cc(C(=O)Nc2cccc(-c3nnn[nH]3)c2)cc(C(F)(F)F)c1,*OC,COc1cc(C(=O)Nc2cccc(-c3nnn[nH]3)c2)cc(C(F)(F)F)c1
931,*CCOCCOCCOCCOC,*Nc1cccc(-c2nnn[nH]2)c1,COCCOCCOCCOCCNc1cccc(-c2nnn[nH]2)c1
932,*NC,*CCOCCOCCOCCOCCOCCO,CNCCOCCOCCOCCOCCOCCO
933,*CCOCCOCC,*C(=O)c1cc(-c2ccccn2)cc(C(F)(F)F)c1,CCOCCOCCC(=O)c1cc(-c2ccccn2)cc(C(F)(F)F)c1
934,*CCOCCOC,*N1CCO[C@H](C)C1,COCCOCCN1CCO[C@H](C)C1
935,*C(=O)c1cc(-n2cccn2)cc(C(F)(F)F)c1,*c1nnn[nH]1,O=C(c1cc(-n2cccn2)cc(C(F)(F)F)c1)c1nnn[nH]1
936,*CCCCCCO,*C(C)=O,CC(=O)CCCCCCO
937,*[C@@H]1O[C@H](CO[P@H](=O)[O-])[C@@H](O)[C@@H]1F,*CCOCCOCCOCCO,O=[P@H]([O-])OC[C@H]1O[C@@H](CCOCCOCCOCCO)[C@@H](F)[C@@H]1O
938,*c1cccc(NC(=O)c2cc(-c3ccccn3)cc(C(F)(F)F)c2)c1,*CC[C@@H](N)C(=O)[O-],N[C@H](CCc1cccc(NC(=O)c2cc(-c3ccccn3)cc(C(F)(F)F)c2)c1)C(=O)[O-]
939,*c1cccc(C)c1C,*C(=O)c1ccccc1[SeH],Cc1cccc(C(=O)c2ccccc2[SeH])c1C
940,*CCOC,*c1c(NCCCCCCO)c(=O)c1=O,COCCc1c(NCCCCCCO)c(=O)c1=O
941,*NCc1nc2ccccc2[nH]1,*CCOCC,CCOCCNCc1nc2ccccc2[nH]1
942,*C(=O)c1ccc(S)cc1,*CCS,O=C(CCS)c1ccc(S)cc1
943,*CCOCCOCCOCCOCC,*CCOCCOC,CCOCCOCCOCCOCCCCOCCOC
944,*CCO,*C(=O)c1ccnc2[nH]c(O)nc12,O=C(CCO)c1ccnc2[nH]c(O)nc12
945,*c1ccc(N(C)C)cc1,*C(=O)c1ccc(S)cc1,CN(C)c1ccc(C(=O)c2ccc(S)cc2)cc1
946,*CCOC,*O,COCCO
947,*n1c[n+](Cc2ccccc2)c2c(=O)[nH]c(N)nc21,*O,Nc1nc2c(c(=O)[nH]1)[n+](Cc1ccccc1)cn2O
948,*n1cccn1,*c1ccccc1C(=O)O,O=C(O)c1ccccc1-n1cccn1
949,*CCO,*Cc1cnccn1,OCCCc1cnccn1
950,*n1cccn1,*CCOCCOC,COCCOCCn1cccn1
951,*NC,*CCOCCOCCOCCOCCOCC,CCOCCOCCOCCOCCOCCNC
952,*C(=O)c1cc(-c2nnn[nH]2)cc(C(F)(F)F)c1,*CCS,O=C(CCS)c1cc(-c2nnn[nH]2)cc(C(F)(F)F)c1
953,*CCOCCOC,*c1cccc(C)c1C,COCCOCCc1cccc(C)c1C
954,*NC,*O,CNO
955,*CCOCCOCCOCCOCCOCCOCCO,*CCNCCO,OCCNCCCCOCCOCCOCCOCCOCCOCCO
956,*CCOCCOCCOCCOCCOCCO,*c1sc2cc(C)ccc2[n+]1C,Cc1ccc2c(c1)sc(CCOCCOCCOCCOCCOCCO)[n+]2C
957,*CCOCCOCCOCCOCCOCCOCCOCC,*CCOCCOCCOC,CCOCCOCCOCCOCCOCCOCCOCCCCOCCOCCOC
958,*CCOC,*CCOCCOCCOCCOCCOCCOCCOCC,CCOCCOCCOCCOCCOCCOCCOCCCCOC
959,*N1CCCCCC1,*CCOCC,CCOCCN1CCCCCC1
960,*NC,*CCOCC,CCOCCNC
961,*CCOCCOCCOCCOCCO,*n1cnc2c(N)ncnc21,Nc1ncnc2c1ncn2CCOCCOCCOCCOCCO
962,*N1CCO[C@H](C)C1,*C(=O)c1cc(-c2nnn[nH]2)cc(C(F)(F)F)c1,C[C@@H]1CN(C(=O)c2cc(-c3nnn[nH]3)cc(C(F)(F)F)c2)CCO1
963,*[C@H]1C[C@H](O)[C@@H](CO[P@@H](=O)[O-])O1,*N1CCO[C@H](C)C1,C[C@@H]1CN([C@H]2C[C@H](O)[C@@H](CO[P@@H](=O)[O-])O2)CCO1
964,*CCOCCOCCOC,*N1C=CCC(C(N)=O)=C1,COCCOCCOCCN1C=CCC(C(N)=O)=C1
965,*CCOCCOCCOCC,*CCOCC,CCOCCCCOCCOCCOCC
966,*CCOCCOCCOCCOCCOCC,*N1CCCCCC1,CCOCCOCCOCCOCCOCCN1CCCCCC1
967,*c1cc2ccccc2c(N=C(N)c2nc(C)cc(C)n2)n1,*c1ccccn1,Cc1cc(C)nc(C(N)=Nc2nc(-c3ccccn3)cc3ccccc23)n1
968,*CCOCCOCCOCCOC,*CCOCCOCCO,COCCOCCOCCOCCCCOCCOCCO
969,*CCOCCOCCOCCOCCO,*CCOCC,CCOCCCCOCCOCCOCCOCCO
970,*CCOCC,*CCNCCO,CCOCCCCNCCO
971,*n1c2c([n+](CCOC)c1C)C(=O)c1ccccc1C2=O,*n1cnc2c(N)nccc21,COCC[n+]1c2c(n(-n3cnc4c(N)nccc43)c1C)C(=O)c1ccccc1C2=O
972,*[C@H]1C[C@H](O)[C@@H](CO[P@@H](=O)[O-])O1,*C(=O)c1cc(-n2cccn2)cc(C(F)(F)F)c1,O=C(c1cc(-n2cccn2)cc(C(F)(F)F)c1)[C@H]1C[C@H](O)[C@@H](CO[P@@H](=O)[O-])O1
973,*N[C@H]1CO[C@H](CO)[C@@H](O)[C@@H]1O,*CCOCCOCCOCCO,OCCOCCOCCOCCN[C@H]1CO[C@H](CO)[C@@H](O)[C@@H]1O
974,*[C@H]1C[C@H](O)[C@@H](CO[P@@H](=O)[O-])O1,*CCOCCOCC,CCOCCOCC[C@H]1C[C@H](O)[C@@H](CO[P@@H](=O)[O-])O1
975,*O,*CCOCCO,OCCOCCO
976,*C(=O)c1ccccc1[SeH],*OC,COC(=O)c1ccccc1[SeH]
977,*Nc1cccc(-c2nnn[nH]2)c1,*n1cnc2c(N)ncnc21,Nc1ncnc2c1ncn2Nc1cccc(-c2nnn[nH]2)c1
978,*CCOC,*C(=O)c1ccccc1[SeH],COCCC(=O)c1ccccc1[SeH]
979,*C(=O)c1cc(-c2ccccn2)cc(C(F)(F)F)c1,*[C@H]1C[C@H](O)[C@@H](CO[P@H](=O)[O-])O1,O=C(c1cc(-c2ccccn2)cc(C(F)(F)F)c1)[C@H]1C[C@H](O)[C@@H](CO[P@H](=O)[O-])O1
980,*CC[C@@H](N)C(=O)[O-],*CCS,N[C@H](CCCCS)C(=O)[O-]
981,*O,*c1sc2cc(C)ccc2[n+]1C,Cc1ccc2c(c1)sc(O)[n+]2C
982,*CCS,*CCOCCOCCOCCOCC,CCOCCOCCOCCOCCCCS
983,*c1sc2cc(C)ccc2[n+]1C,*CCOCCOCCOC,COCCOCCOCCc1sc2cc(C)ccc2[n+]1C
984,*n1c2c([n+](CCOC)c1C)C(=O)c1ccccc1C2=O,*c1ccccn1,COCC[n+]1c2c(n(-c3ccccn3)c1C)C(=O)c1ccccc1C2=O
985,*OC,*NC,CNOC
986,*c1sc2cc(C)ccc2[n+]1C,*n1c2c([n+](CCOC)c1C)C(=O)c1ccccc1C2=O,COCC[n+]1c2c(n(-c3sc4cc(C)ccc4[n+]3C)c1C)C(=O)c1ccccc1C2=O
987,*CCOCCOC,*CCS,COCCOCCCCS
988,*CCOCCOCCOCC,*CCOCCO,CCOCCOCCOCCCCOCCO
989,*O,*CCOCCOCCOCCOCCO,OCCOCCOCCOCCOCCO
990,*CCOCCOCCOCCOCC,*c1sc2cc(C)ccc2[n+]1C,CCOCCOCCOCCOCCc1sc2cc(C)ccc2[n+]1C
991,*c1cc2ccccc2c(N=C(N)c2nc(C)cc(C)n2)n1,*NC,CNc1cc2ccccc2c(N=C(N)c2nc(C)cc(C)n2)n1
992,*CCO,*N(C)C,CN(C)CCO
993,*c1c(NCCCCCCO)c(=O)c1=O,*C(=O)c1ccc(S)cc1,O=C(c1ccc(S)cc1)c1c(NCCCCCCO)c(=O)c1=O
994,*c1cc(C(=O)Nc2cccc(-c3nnn[nH]3)c2)cc(C(F)(F)F)c1,*CCOCC,CCOCCc1cc(C(=O)Nc2cccc(-c3nnn[nH]3)c2)cc(C(F)(F)F)c1
995,*CC[C@@H](N)C(=O)[O-],*c1cccc(NC(=O)c2cc(-n3cccn3)cc(C(F)(F)F)c2)c1,N[C@H](CCc1cccc(NC(=O)c2cc(-n3cccn3)cc(C(F)(F)F)c2)c1)C(=O)[O-]
996,*[C@H]1C[C@H](O)[C@@H](CO[P@H](=O)[O-])O1,*C(=O)c1cc(-n2cccn2)cc(C(F)(F)F)c1,O=C(c1cc(-n2cccn2)cc(C(F)(F)F)c1)[C@H]1C[C@H](O)[C@@H](CO[P@H](=O)[O-])O1
997,*C(=O)[C@@H](N)Cc1ccccc1,*CCOCCOC,COCCOCCC(=O)[C@@H](N)Cc1ccccc1
998,*c1c(NCCOCCO)c(=O)c1=O,*C(=O)[C@@H](N)Cc1ccccc1,N[C@@H](Cc1ccccc1)C(=O)c1c(NCCOCCO)c(=O)c1=O
999,*CCOCCOCCOCCOCCOCC,*NCc1nc2ccccc2[nH]1,CCOCCOCCOCCOCCOCCNCc1nc2ccccc2[nH]1
1000,*CCOCCOCCOCC,*C(=O)[C@@H](N)Cc1ccccc1,CCOCCOCCOCCC(=O)[C@@H](N)Cc1ccccc1
